"","jour","St. Johns","Halifax","Sydney","Yarmouth","Charlottvl","Fredericton","Scheffervll","Arvida","Bagottville","Quebec","Sherbrooke","Montreal","Ottawa","Toronto","London","Thunder Bay","Winnipeg","The Pas","Churchill","Regina","Pr. Albert","Uranium City","Edmonton","Calgary","Kamloops","Vancouver","Victoria","Pr. George","Pr. Rupert","Whitehorse","Dawson","Yellowknife","Iqaluit","Inuvik","Resolute"
"jan01",1,5.2,6,5.3,5.6,4.6,4,1.1,2.6,3,4.1,2.9,2.9,2.5,1.8,2.4,0.7,0.5,0.5,0.5,0.2,0.1,0.3,0.4,0.3,0.6,5.5,5.3,2.2,6,0.5,0.9,0.6,1.1,0.8,0.1
"jan02",2,5.8,5.3,5.2,3.7,4.4,3.2,1.3,1.2,1.8,2.3,2.9,1.2,1.1,0.9,1.4,1.9,0.6,0.9,0.6,0.3,0.9,0.4,0.8,0.1,0.4,6.6,5.2,1.9,5,0.8,0.6,0.7,0.9,0.9,0.1
"jan03",3,3.9,2.6,2.1,2.8,2.3,3.3,1.2,2.1,1.3,2.6,1.9,1.4,1.3,0.9,1.8,0.8,0.3,0.7,0.5,0.6,0.6,1.3,1.1,0.3,1.2,6.8,5.4,1.9,6.7,1.1,0.8,0.3,0.8,0.8,0
"jan04",4,4.3,5.3,5,5.3,4.8,3.3,1.3,2.3,2.5,4.3,2.9,3.6,3.1,1.5,2.9,0.3,0.5,0.5,0.4,0.3,0.3,0.6,1.1,0.6,1.3,5.1,4.5,1.8,7.1,0.2,0.8,0.5,0.7,0.4,0.2
"jan05",5,6.2,6,7.3,3.8,5.1,2.7,1,1.7,2.1,2.3,2.1,1.6,1.3,0.8,1.1,0.8,0.4,0.2,0.4,0.8,0.2,0.8,1,1,1.2,3.8,4.6,1.1,6.1,0.6,1,0.7,0.9,0.8,0.2
"jan06",6,3.4,2.1,2.2,2.4,1.5,0.8,1.3,2,1.6,1.5,0.8,1.1,1.3,1,1.4,1.7,0.7,0.9,0.2,0.5,0.3,1.1,0.8,0.2,0.5,2.5,2.6,1.2,8.1,0.7,1,0.5,0.2,0.4,0.2
"jan07",7,3.7,7.4,2.6,5.9,3,3.7,1,2.2,2.1,3.3,2.2,1.9,1.6,1.6,2.4,0.8,1,0.5,0.5,0.4,0.7,0.8,1.2,0.5,2,4.4,4.1,2.7,8,0.4,0.7,0.3,0.5,0.5,0.2
"jan08",8,7.1,4,5.7,4.4,5.2,2.5,2.3,1.7,1.5,3,2.3,1.9,1.8,1.5,2.6,1.7,0.7,0.3,0.4,0.4,0.4,0.3,0.9,0.5,0.6,5.6,4.3,2,7.9,0.5,0.5,0.4,0.5,0.3,0.1
"jan09",9,4.9,3.1,4.4,2.7,2.3,2.1,2.1,1.3,2.2,4.3,2.4,2.2,2.2,1.4,2.4,0.7,0.2,0.4,0.5,0.3,0.4,0.4,0.5,0.3,0.6,4.9,4.1,2.4,8,0.8,0.4,0.2,1.5,0.4,0.1
"jan10",10,3.6,6.5,5.4,4.9,3.6,3.1,1.6,2.5,1.9,2.2,1.8,1,1.6,1.8,3.1,1.7,1.1,0.9,0.2,0.3,0.3,1.2,0.7,0.4,1.2,7.1,6.2,1.7,6,0.4,0.8,0.4,0.8,0.4,0
"jan11",11,4.2,4.1,5.5,3.6,2.4,3.3,3,1.8,1.6,2.7,2.1,1.7,1.9,1.7,2.8,2.1,0.9,0.6,0.5,0.4,0.3,0.8,0.6,0.3,0.8,3.8,3.7,1.1,9.2,0.7,0.6,0.4,0.7,0.3,0
"jan12",12,2.6,2.7,3.9,2.9,2.6,2.5,1,0.8,1.8,1.7,1.3,1.4,1,0.5,0.8,0.9,0.5,0.4,0.8,0.4,0.4,0.9,0.6,0.2,0.6,6.4,6.1,2.1,8.6,0.7,0.6,0.5,0.7,0.4,0.1
"jan13",13,2.3,4.2,5.2,3.7,3.3,2,0.6,2.4,1.5,1.2,1.8,1.6,2,1.8,2.3,1,0.4,0.3,0.8,0.3,0.6,0.6,0.8,0.3,0.8,5.2,5.6,1.4,11.3,0.5,0.3,0.5,0.5,0.3,0.2
"jan14",14,4.9,7.9,6.3,6.8,5.9,5.1,1.2,1.9,2.6,3.1,2.9,3.1,2.7,2.7,3.4,0.6,0.7,0.5,0.4,0.8,0.7,0.8,1.3,0.6,0.9,6.7,7.5,2.2,11.5,0.5,0.7,0.4,0.3,0.4,0.2
"jan15",15,4.4,3.7,5.2,3.2,3.3,2.2,2.3,1,1.6,1.9,1.4,2.2,1.6,0.8,1.7,1.1,0.6,0.6,0.8,0.6,0.4,0.5,0.5,0.2,0.8,6.1,6.2,2.4,8.5,0.7,0.6,0.4,0.9,0.4,0.2
"jan16",16,3.4,3.8,3.8,3.9,2.7,1.6,2.2,1.7,1.2,2,1.5,1.2,0.9,0.8,1.3,0.7,0.6,0.2,0.7,0.2,0.4,0.9,0.4,0.2,0.8,5,3.2,2.9,11.5,0.3,1,0.7,0.8,0.2,0.1
"jan17",17,5.1,4,3.7,4.4,3.5,2.6,2.5,0.7,1.5,2,1.8,1.2,1.7,1.6,2.4,0.9,0.4,0.6,0.4,0.3,0.8,1.4,0.4,0.2,1,4.3,3.9,1,11.7,0.6,0.5,0.7,0.7,0.3,0.1
"jan18",18,3.4,4.2,4,4.6,4.3,3.3,9.7,1.5,1.6,2.8,2.8,1.5,1.6,0.9,1.2,0.4,0.2,0.3,0.6,0.1,0.6,0.6,0.4,0.2,0.8,6.6,7.4,0.7,7.2,0.5,0.7,0.4,0.6,0.5,0.2
"jan19",19,5.8,3.4,5,2.5,2.4,1,1.3,1.1,2,1.5,1.7,1.5,1.1,1.5,1.9,0.7,0.8,0.3,0.3,0.5,0.3,0.4,0.4,0.2,0.5,5.1,5.2,1.9,10.5,0.9,0.6,1,0.2,1.3,0.2
"jan20",20,6.5,5.4,4.7,4.2,3.3,4.3,1.6,2.5,2.1,2.7,3.1,3.5,2,1.7,2.3,1.1,0.2,0.5,0.4,0.4,0.3,0.4,0.3,0.1,0.4,3.3,4,1.9,9.1,0.3,0.4,0.7,0.2,0.7,0.1
"jan21",21,5.5,3.2,3.4,3.6,3.2,2.9,1.7,3.6,2.9,2.8,2.6,3,1.9,1,1.4,1.3,0.4,0.7,0.6,0.6,0.6,0.6,0.6,0.3,0.9,4,2.4,2.7,12.4,0.4,0.3,0.7,1,0.4,0.1
"jan22",22,2.5,1.4,3.7,2.5,1.7,1.9,1.3,2.2,1.5,2.5,1.7,2.4,1.4,1,2.3,1.1,0.8,0.6,0.5,0.7,0.6,0.7,0.7,0.3,0.8,4.4,3.8,1.5,11.4,0.5,0.6,0.7,0.9,0.3,0
"jan23",23,4.4,6.2,4.2,5.1,3.3,4,1.4,1.4,2.2,4.3,3.4,3.3,3,2.5,3.1,1.3,0.6,0.7,0.6,0.5,0.6,1.1,0.4,0.3,1.3,6.5,6.2,1.7,9,0.5,0.5,0.6,1.1,0.3,0.1
"jan24",24,4,4.6,5.7,4.4,2.8,2.5,1.2,1.6,1.8,3.4,1.9,2.2,2.7,2.5,2.8,1.7,1.2,0.5,0.6,0.8,0.8,0.5,1.1,0.7,0.7,4.7,3.4,1.6,6.4,0.4,0.2,0.3,1,0.5,0.1
"jan25",25,2.8,7.6,5,5.4,3.8,4.5,1.5,1.1,1.8,3.8,2.7,2.5,2.3,2,2.4,1.2,1.3,0.5,0.4,0.5,0.4,0.3,0.8,0.6,0.2,2.2,2.9,1,4.2,0.5,0.9,0.2,0.4,0.5,0.1
"jan26",26,4.8,7.4,8.7,4.2,4.6,5.1,2.4,4.2,2.2,4.9,3.9,3.5,2.8,3.2,4.8,0.8,0.4,0.6,0.4,0.3,0.5,0.5,0.5,0.3,1.1,5.1,4.5,1.8,10.5,0.4,0.5,0.5,0.6,0.6,0.2
"jan27",27,6.1,5.8,4.9,3.6,3.2,3.5,1.7,2.4,2.4,4.5,3.7,2.8,2.6,1.5,3.1,0.4,0.7,0.5,1.2,0.6,0.5,1,1,0.5,0.6,3.4,3.4,2.1,4.7,0.5,0.3,0.6,0.3,0.5,0.1
"jan28",28,7.6,3.1,3.5,3.5,3,3.8,1.7,2.4,2.1,4.2,2.9,2.5,2.3,1.3,2.4,1,0.5,0.6,1,0.6,0.5,0.2,1,0.4,0.6,3.1,2.5,1.4,7,0.6,0.3,0.3,0.7,0.3,0.1
"jan29",29,7.4,4.2,4.8,4.3,3,3,1.6,2.3,2,2.6,2.2,1,1.4,1.7,2.7,1,0.6,0.5,0.3,0.6,0.2,0.8,0.8,0.5,0.8,4.3,3.2,1.6,6.8,0.6,0.7,0.3,1,0.8,0.1
"jan30",30,3.4,3.7,4.8,3.6,3.6,3.6,0.5,2.2,2.8,4.3,2.7,3.5,3.2,1.4,2.4,0.3,0.3,0.5,0.5,0.3,0.8,0.6,1.9,0.5,0.8,4.2,2.9,2,8.3,0.4,0.6,0.4,0.4,0.6,0.1
"jan31",31,5,4.7,6.5,3.2,3.6,3.7,0.9,0.5,1.6,2.1,3.2,2.4,1.9,0.9,1.7,0.6,0.4,0.1,0.4,0.4,0.6,0.2,0.6,0.2,0.6,4.4,5,1.2,6.4,1,1,0.3,0.5,0.7,0.1
"feb01",32,5.5,2.8,4.5,2.7,3.4,2.6,1.4,2.1,1.6,2.1,1.6,1.4,1.3,1.8,3.4,0.7,0.4,0.3,0.3,0.6,0.3,0.4,0.4,0.4,0.6,5.1,4.1,1.1,5.4,0.5,0.5,0.4,0.7,0.5,0
"feb02",33,3.3,4.1,3.6,4.3,3.9,5.3,2,1.3,2.6,5.4,4.4,3.5,3.3,2.2,2.5,0.4,0.3,0.2,0.6,0.4,0.4,0.3,0.4,0.2,0.6,5.1,4.9,2.2,7.5,0.5,0.6,0.3,0.4,0.5,0.1
"feb03",34,4.7,6.7,5.9,4.4,3.7,5.1,2.6,2.9,2.4,4.7,2.3,2.3,2.4,2.3,2.3,0.3,0.4,0.5,0.5,0.5,0.5,0.5,0.6,0.4,0.4,4.3,3.7,2.1,4.2,0.5,0.4,0.4,0.2,0.2,0.1
"feb04",35,4.1,4.4,4.1,4.6,3.6,4.3,1.4,1.7,2.9,1.8,2.7,1.8,1.4,1,1.9,1.1,0.6,0.2,0.2,0.5,0.3,0.4,0.6,0.4,0.5,4.5,3.9,1.6,9.1,0.4,0.6,0.3,1.2,0.7,0.2
"feb05",36,5,4.4,3.7,4.4,3.2,3.2,1.4,0.7,1.6,1.5,2.6,2.4,1.5,0.9,1.4,0.6,0.3,0.3,0.2,0.5,0.3,0.8,0.7,0.2,0.5,2.1,2.3,0.7,5.7,0.6,0.4,0.8,0.6,0.5,0.1
"feb06",37,5.8,2.5,3.7,1.5,2.5,1.4,1.5,0.8,0.6,1.1,1.4,1.1,1.2,1,1,0.5,0.3,0.5,0.7,0.3,0.3,0.3,0.4,0.1,0.2,2.9,1.4,1,9.2,0.3,0.7,0.3,0.5,0.5,0.1
"feb07",38,3.7,4.5,2.7,3.4,2.9,2.5,1.2,1.1,0.8,1.5,1.8,1.2,1.2,0.9,1.2,0.2,0.2,0.3,0.8,0.3,0.4,0.6,0.4,0.3,0.4,2.5,1.8,0.4,11.5,0.5,0.8,0.5,0.5,0.4,0.1
"feb08",39,6.8,4.7,6.3,4.9,3.7,3,1.4,1.5,1.3,3,2.7,2.1,1.6,0.7,1.2,0.3,0.1,0.6,0.5,0.3,0.6,0.7,0.3,0.1,0.3,2.5,2.5,1.2,9.1,0.3,0.4,0.5,0.5,0.2,0
"feb09",40,4.8,2.4,4.6,3,2.3,1.2,1.3,0.9,1.2,0.8,1,0.6,0.9,0.4,1.3,0.9,0.7,0.7,0.5,0.1,0.3,0.5,0.1,0.2,0.5,3.8,2.8,1.7,9.1,0.5,0.6,0.3,0.4,0.4,0.3
"feb10",41,4.4,5.5,4.9,3.2,3.3,3,1.9,1.1,1.2,1.8,0.9,1.2,2.5,1.9,2.8,0.8,0.5,0.5,0.5,0.5,0.3,0.8,0.5,0.3,0.5,3.4,2.4,1.2,7.4,0.4,0.7,0.8,0.3,0.4,0.2
"feb11",42,4.4,2.5,4.2,2.5,1.7,1,1.6,1,1.3,2.1,1.5,1.3,1.7,0.9,1.8,0.6,0.2,0.4,0.6,0.4,0.8,0.3,0.6,0.4,0.3,4.8,4.9,1.6,7.8,0.4,0.3,0.1,0.6,0.5,0
"feb12",43,3.5,3.4,3.1,4.4,2.9,1.9,0.8,2,0.9,2.2,1.6,1.5,1.6,1.9,2,0.7,0.8,1.3,0.3,0.3,1.2,0.2,0.4,0.3,0.3,6.5,4.9,1.3,6.9,0.4,0.7,0.5,1.3,0.2,0
"feb13",44,4.4,6.7,5.4,4.6,4.5,5,1.6,3.8,2.9,4.2,3.3,4.1,3.9,2.4,2.8,1.9,0.9,0.6,0.5,0.4,0.6,1.2,1,0.4,0.6,4.9,3.8,1.3,6,0.3,0.9,0.6,0.8,0.4,0
"feb14",45,6.9,6.9,7.2,3,4,2.8,1.3,1.8,1.5,2,1.5,1.3,2,1.4,1.8,0.5,0.3,0.7,0.3,0.2,0.6,1,0.3,0.4,0.2,5.5,3,1.3,10.9,0.6,0.7,0.5,0.9,0.3,0.1
"feb15",46,5.7,2.1,3.5,3.1,2.5,2.2,1.5,3.2,2.2,2.6,3.5,2.6,1.9,2.3,3.1,1,0.9,0.7,0.3,0.6,0.6,0.7,0.5,0.4,0.8,6.1,4.7,1.4,7,0.8,0.7,0.4,0.7,0.2,0.1
"feb16",47,5.9,4.2,4.5,5.9,3.4,2.4,0.7,1.2,2,2.1,1.7,1.8,1.5,1,1.6,1.1,0.3,0.4,0.7,0.5,0.4,0.5,0.5,0.3,0.5,4.8,3.3,1.7,8.6,0.5,0.6,0.5,1.1,0.5,0.3
"feb17",48,3.9,4.7,4.9,2.3,4.1,1.8,1.1,2.3,1.3,1.9,1.2,1,1.1,0.6,1.1,0.6,1,0.7,0.2,0.3,0.4,0.5,0.5,0.3,0.5,5.6,5.2,1.5,5.8,0.4,0.4,0.3,0.5,0.2,0.1
"feb18",49,2.3,1.5,1,2.4,1.3,1,0.6,1.2,1.2,1.7,1.2,1.5,1.2,1.7,2,1.3,0.2,0.3,0.2,0.3,0.6,0.3,0.4,0.2,0.6,5.8,3.9,1.3,9.6,0.5,0.4,0.2,0.5,0.1,0.1
"feb19",50,2.3,2.3,3.1,2.1,2.8,2.6,1,2.5,2.6,4.3,2.8,3.4,3,1.7,1.7,1.1,0.4,0.8,0.1,0.3,0.4,0.4,0.9,0.3,0.5,5.1,3.7,1.1,9.8,0.3,0.6,0.3,0.3,0.2,0
"feb20",51,4.1,6.5,5.4,4.5,4.2,4,0.9,2.7,1.8,3.3,2.2,1.8,2.3,0.9,1,1.1,0.4,0.9,0.5,0.2,0.6,0.4,0.6,0.4,0.2,3.1,3.1,0.5,11.1,0.4,1,1,0.4,0.3,0.1
"feb21",52,3.7,2.1,3.9,3.1,2.8,2.7,1.5,1.8,2.4,3.1,2.6,2,2.5,1.9,2.5,0.7,0.4,0.7,1.4,0.3,0.4,0.3,0.7,0.8,0.4,3.1,3,0.8,10,0.6,0.5,0.6,0.6,0.4,0
"feb22",53,5.5,5,6.3,4.3,5,4.1,0.9,1.8,2.5,3.9,3.2,3.2,3.4,3,5,1.8,0.6,0.3,0.5,0.7,0.3,0.7,0.8,0.3,0.5,2.5,2.1,1,7.9,0.4,0.4,0.5,0.5,0.5,0.1
"feb23",54,5.1,3.6,5.5,3.8,3,2.7,1.2,2.1,1.5,2.4,3.4,2.4,4.2,2.7,3.8,1.2,0.5,0.4,0.3,0.3,0.4,0.6,0.6,0.1,0.5,3.9,3.5,1.3,4.2,0.3,0.6,0.1,0.6,0.6,0.2
"feb24",55,4,5.7,3.8,5.5,3.7,4.4,1,2.1,1.6,2.9,2.9,3.4,3.5,2.5,2.6,0.7,0.7,0.5,0.1,0.5,0.3,0.4,0.4,0.3,0.8,3.4,3.3,0.9,6.1,0.4,0.4,0.4,0.6,0.5,0.2
"feb25",56,5.1,5.9,5.2,6.9,3.9,4,0.7,1,2.1,3.6,2.5,3,2.4,2.6,2.5,0.5,0.9,0.3,0.4,0.4,0.2,0.6,0.3,0.5,0.5,3.7,3.6,0.8,5.7,0.4,0.1,0.5,0.9,0.3,0.2
"feb26",57,7.7,6.1,7.7,3.8,5.1,3.5,0.9,1.7,1.3,1.7,1.3,1.1,1,1.1,1.5,1.4,0.4,0.2,0.3,0.6,0.4,0.4,0.9,0.3,0.3,4.9,3.9,1.1,7.4,0.3,0.4,0.3,0.9,0.9,0.1
"feb27",58,4.6,1.8,2.8,1,1.8,1.6,1.2,0.7,1.7,1.7,1.2,1.5,1.2,0.8,1.2,1.3,0.4,0.4,0.3,1.3,0.7,0.2,1.5,0.7,0.6,3.5,3.6,0.7,6.8,0.2,1,0.6,0.5,0.6,0.1
"feb28",59,5.4,3.1,3,2.3,1.3,1.4,0.9,1.8,1.1,1.7,1.6,1.7,2.5,1.1,1.9,0.8,0.9,0.6,0.4,0.6,0.9,0.6,0.4,0.6,1,4.5,3.7,1.2,5.1,0.5,0.4,0.5,0.8,0.7,0.1
"mar01",61,5.9,4.3,5.1,2.9,3.9,2.7,0.9,1.8,1.6,3,2.5,3,3.3,1.7,2.1,0.8,0.2,1,0.8,0.6,0.5,0.3,0.4,0.6,0.7,4,3.3,0.9,4,0.5,0.4,0.2,0.5,0.5,0.3
"mar02",62,6.3,4.4,6.2,3.5,2.4,3.5,1.3,1,2.5,2,2.3,1.6,1.6,1.5,1.7,0.7,1,0.4,0.2,1.6,0.6,0.4,0.8,0.4,0.5,4.2,3,0.7,5.5,0.5,0.4,0.5,0.6,0.2,0.4
"mar03",63,6.2,3.9,3.1,2,3.5,3.8,1.1,0.5,0.6,0.6,2,1,0.8,0.4,1.4,1.9,1.1,0.5,0.7,0.3,0.3,0.7,0.2,0.2,0.2,3.2,2.6,1.1,6,0.7,0.6,0.4,0.4,0.4,0.2
"mar04",64,5,5.8,5.4,4.1,3.2,3,1.2,1.5,1.8,3.9,4.5,5.7,5.6,4.5,6,1.5,1.2,0.3,0.3,0.3,0.3,0.3,0.2,0.2,0.4,5.2,4.2,0.7,8.5,0.3,0.3,0.4,0.2,0.4,0.1
"mar05",65,3.6,3,4.1,3.2,3.8,5.1,1.3,2.6,2.2,5.7,5.3,3.3,2.3,2.2,2.3,0.9,0.4,0.2,0.8,0.2,0.3,0.6,0.2,0.2,0.8,4.8,4.6,0.8,5,0.2,0.8,0.5,0.3,0.3,0.1
"mar06",66,3.4,2.6,2.7,2.6,2.1,1.8,1,2.1,1.6,2.6,2,2.8,1.5,2,2.5,1,1.3,0.9,0.3,0.5,0.6,0.7,0.4,0.4,0.4,2.6,2.3,1.1,5.8,0.4,0.3,0.4,0.5,0.5,0.2
"mar07",67,2.7,3.6,4.1,4.6,3.8,3.3,0.7,1.7,1.9,3.3,2.7,2.3,1.8,0.8,1.5,1.2,1.1,0.6,1.2,0.4,0.6,0.3,0.5,0.2,0.3,2.8,2.2,1.1,5.3,0.6,0.4,0.1,0.4,0.7,0.1
"mar08",68,5.1,6.3,7.2,4.2,4,4.4,0.6,0.7,1.3,2,1.7,1.1,0.8,2.1,1.8,1,0.8,0.6,0.7,0.5,0.7,0.5,0.9,0.3,0.1,3.2,2.5,1.4,9.5,0.6,0.2,0.4,1,0.2,0.1
"mar09",69,2.1,1.9,3,1.4,1.7,1.7,0.7,1.2,1,2.2,2.1,1.4,1.2,1.1,1.5,0.8,0.6,0.5,0.3,0.3,0.4,1,0.7,0.4,0.3,4.4,2,1.5,6.4,0.4,0.5,0.7,0.4,0.2,0
"mar10",70,3,3.6,3,3.7,2.9,3.8,0.6,2.1,1.8,3.2,2.5,1.4,1.9,1.8,1.6,0.8,0.4,0.4,0.7,0.5,0.8,0.7,0.7,0.5,0.4,3.5,2.4,1.2,5,0.3,0.1,0.4,0.4,0.4,0
"mar11",71,8.1,6.2,4.9,4.9,4,2.6,1.5,1.7,1.8,3.9,2.3,1.4,1.5,1.8,2.2,1.1,0.2,0.4,0.6,0.8,0.5,0.3,1.2,0.8,0.1,3.3,1.7,0.7,5.2,0.3,0.3,0.8,0.9,0.4,0.3
"mar12",72,6.5,3.1,3.3,3.7,4.1,2.5,1.3,1.9,1.3,2,2.7,2.7,3.6,2.5,3,2.7,1.2,1,0.6,1.1,0.6,0.8,0.3,0.3,0.5,4.5,2.2,0.9,6.1,0.2,0.5,0.4,1,0.7,0.1
"mar13",73,2.8,5.5,4.2,4.6,1.9,3.2,0.7,1.9,1.9,3.5,3.5,3.4,3.6,2.5,2.1,1.5,0.8,0.3,0.6,0.4,0.2,0.1,0.9,0.4,0.3,2.4,2.8,0.6,5.8,0.3,0.3,0.2,0.3,0.3,0.3
"mar14",74,3.2,6.9,6,6.8,4.4,6.5,1,2,1.9,4.5,2.4,2.5,2.4,2.4,2.5,2,1.3,0.7,0.8,0.7,0.9,0.5,0.5,0.3,0.2,3.6,2,0.6,3.7,0.2,0.7,0.7,1,0.3,0.2
"mar15",75,4,6.9,5.2,5.8,4.9,3.7,2.1,1.2,2,1.7,1.8,1,1.1,0.4,0.9,1.1,0.5,1,0.4,0.4,0.3,0.5,0.4,0.5,0.2,4.5,3.1,1.2,7.6,0.5,0.9,0.4,0.5,0.3,0.1
"mar16",76,5.8,3.5,4.7,1.7,3.4,1.8,1.4,1,1.4,1.9,1.8,1.3,2,2.1,3,1.3,0.2,0.1,0.5,0.2,0.2,0.4,0.2,0.7,0.6,3.3,1.9,2.5,6.2,0.3,0.8,0.5,1.2,0.4,0.1
"mar17",77,4.2,5.1,4.1,4,4.1,6.2,1.2,2.5,3,4,4.9,3.6,3.2,2.6,3.2,0.4,0.3,0.3,0.5,0.3,0.7,2.2,0.6,0.4,0.3,3.8,2.7,1.1,6.3,0.5,0.5,0.7,0.8,0.2,0.1
"mar18",78,6.2,4.4,6.6,3.9,4.6,4.2,0.6,0.7,1.6,2.1,2.8,1.3,1.3,1.6,2.6,1.3,0.2,0.8,0.6,0.7,0.2,0.7,0.3,0.2,0.1,1.9,1.4,1,7,0.6,0.1,0.2,0.8,0.4,0.2
"mar19",79,3.9,4.4,4,3.8,2.3,1.9,1.3,1.2,1.1,3.2,1.8,1.3,2.2,1.8,1.6,0.9,0.5,0.5,0.2,1,0.5,0.3,0.6,0.3,0.1,2.2,1.4,1.2,5.7,0.6,0.6,0.2,0.6,0.6,0.2
"mar20",80,3.9,3.6,2.9,1.6,1.3,1.4,1.7,1,2.1,3.1,2.4,2.7,1.4,1.2,2.1,0.8,0.7,0.7,0.4,0.5,0.6,0.9,0.6,0.3,0.2,4,2,1.5,5.1,0.3,0.3,0.4,1,0.2,0.3
"mar21",81,5.3,5,5.3,3.3,2.6,3.4,1.2,1.4,1.3,3.5,3.4,3.1,4.2,3.5,4.1,1,0.1,1.6,0.3,0.4,0.4,1.2,0.9,0.5,0.3,2.5,1.6,1.4,4.3,0.3,0.2,0.4,0.3,0.2,0.2
"mar22",82,3.4,2.4,3.7,1.9,1.7,2.1,0.8,2.5,1.2,2.7,1.8,2.1,2.5,1.8,3.4,1.3,0.3,0.2,0.5,0.1,0.3,0.8,0.2,0.7,0.3,5.3,3.5,0.9,7.1,0.1,0.2,0.2,0.5,0.3,0.2
"mar23",83,3.4,6.5,4,2.2,3.7,2.6,1.7,2.6,2.6,2.6,1.9,2.4,1.7,1.3,2.1,1.3,0.9,0.2,0.3,0.1,0.9,0.2,0.9,0.9,0.2,3.3,2.6,0.7,5.1,0.2,0.5,0.5,0.5,0.4,0.4
"mar24",84,4.1,2.6,3.2,1.8,2.1,1.6,1.6,0.6,1.6,0.8,0.9,1.2,1.9,1.2,2.2,1.4,0.4,0.7,0.6,0.7,1.5,0.9,0.4,0.3,0.2,2.4,1.7,0.9,4,0.4,0.1,0.5,0.5,0.2,0.5
"mar25",85,3.1,2.5,4.9,2.4,2.3,1.6,2.2,1.2,1.1,1.4,2,2,2.2,1.6,2.8,0.8,1.4,0.8,0.3,0.4,1,0.5,0.4,0.4,0.5,3.8,2.6,1.3,6.1,0.3,0.2,0.2,0.9,0.3,0.2
"mar26",86,4.9,3.1,4.2,2.2,2,2.7,2.4,3.1,2,3.2,2.6,3.6,2.3,1.1,1.9,1.2,0.8,0.8,0.8,1.1,0.2,0.9,0.2,0.8,0.2,2.7,1.8,0.6,4.6,0.5,0.2,0.2,0.9,0.6,0.2
"mar27",87,4.2,4.5,4.1,3.8,2.1,3.9,3.7,2,2.8,3.6,2.2,2.4,2.6,2.2,2.1,2,1,0.7,1,0.8,0.9,0.6,0.5,0.6,0.3,2.3,1.6,0.9,6.2,0.4,0.3,0.2,0.4,0.3,0.2
"mar28",88,3.2,3,5.6,2.3,3.4,2.2,1.7,1.4,1.8,2.1,1.9,1.1,1.1,1,1.5,2,0.8,0.7,0.7,1,0.4,0.3,0.3,0.2,0.3,3.6,1.6,1.2,7.9,0.7,0.1,0.2,1.1,0.1,0.2
"mar29",89,1.9,2,2.5,3.1,1.3,1.6,1.6,0.9,1.7,1.4,1.7,0.7,0.8,0.9,1.5,1.5,0.5,1,0.9,0.2,0.3,0.3,0.1,0.8,0.4,3.8,1.6,0.9,5.5,0.1,0.3,0.4,0.7,0.5,0.1
"mar30",90,2.7,2,3.9,2.9,2.7,1.2,2,1.3,0.9,1.8,1.8,1.9,2.1,1.7,3.8,2.2,0.8,1.1,0.8,0.5,0.4,0.5,0.8,1.1,0.2,2.8,1,1.2,8.4,0.1,0.3,0.2,1,0.4,0.2
"mar31",91,3.2,5.6,5.9,3.7,3.7,3.2,2,1.8,1.8,2.6,2,2.4,2.3,2.3,3,1.2,1.1,1.3,0.7,0.3,0.7,0.5,0.3,0.4,0.2,2.9,1.8,0.3,7.2,0.2,0.2,0.3,1.4,0.5,0.2
"apr01",92,4,4.9,4.5,3.8,4,3.8,1.9,3.2,2.8,4.5,4.3,4.8,3.8,2.9,3.7,1.4,0.8,0.3,0.4,0.2,0.4,1.2,0.5,0.6,0.3,2.8,1.5,0.2,7.8,0.5,0.2,0.5,1.1,0.4,0.1
"apr02",93,2.4,5,5.2,4.1,3.3,4.8,1.2,1.4,1.6,2.8,3.6,4.2,4.2,3.7,4.1,1.6,0.9,0.4,0.4,0.2,0.3,0.5,0.2,0.4,0.5,1.6,1.3,0.7,4.4,0.2,0.4,0.5,0.8,0.3,0.1
"apr03",94,4.4,4,4,3.9,3.8,4.2,1.8,0.8,1.7,3.2,4.2,3.6,3.2,3.4,4,1.6,0.8,0.6,0.8,0.5,0.4,0.6,0.2,0.6,0.3,3.1,2.5,0.9,6.2,0.3,0.6,0.6,0.9,0.3,0.1
"apr04",95,2.5,5.5,4.4,4.3,3.8,4.5,2.7,2.7,2.8,2.8,2.9,4.4,4.4,2.7,3.4,0.9,0.3,0.2,0.4,0.1,0.2,0.6,0.5,0.6,0.5,4.2,2.7,0.8,8.5,0.2,0.4,0.4,1,0.5,0.1
"apr05",96,3.6,4.6,5.2,3.9,4,4,2.7,1.9,2.7,3.4,3.7,2.5,2.8,1.7,2.7,0.5,0.5,0.3,0.7,0.5,0.4,0.4,1.3,0.7,0.7,3.4,2.8,1.1,6.7,0,0.3,0.6,0.8,0.8,0.1
"apr06",97,2.9,4.6,2.9,4.6,2.4,3.9,2.8,0.3,1,1.7,2.3,1.8,1.4,2.7,3.1,1.7,0.6,0.8,0.4,0.6,0.8,0.8,2,0.5,0.9,2.8,1.8,1,5.1,0.6,0.2,0.2,1.1,0.4,0.1
"apr07",98,2.8,4.7,4.4,3.5,3.9,3.5,2,2.1,3.2,4.3,3.4,2.5,1.9,1.6,1.3,0.3,1.4,1.5,0.7,0.9,1.6,0.7,1.1,0.6,0,0.8,0.5,0.5,5.2,0.4,0.3,0.6,2.1,0.3,0.4
"apr08",99,4.4,6.1,3.2,6.1,3.9,3.7,2.5,1,1.5,2.3,1.9,0.9,1.6,2,1.2,1.4,0.4,1.2,0.3,0.5,0.5,0.7,0.6,0.5,0.1,3.3,2.2,1.3,6.3,0.4,0.1,0.3,1,0.2,0.2
"apr09",100,4.4,6.2,7.5,3,4.5,3.5,1.3,1.1,1.4,2.1,3.3,3,2.2,1.9,2.8,1.5,0.3,0.5,1.2,0.3,0.4,0.9,0.7,0.6,0.5,3.9,2.1,1.1,5.7,0.5,0.3,0.3,1.2,0.2,0.1
"apr10",101,3.3,6.1,6.8,4.8,4.4,3.8,2.7,1.1,2.2,4.2,3.5,2.7,3.4,1.8,1.4,0.6,0.9,0.3,0.6,0.5,1.1,0.8,0.8,0.8,0.1,2.7,1,1.2,4.9,0.3,1,0.5,0.4,0.3,0.2
"apr11",102,6.6,5,6,3.1,3.5,2.9,3.4,0.8,1.5,2,3.1,1.6,2.1,2.7,2,0.5,0.4,1.1,0.8,0.4,0.8,0.5,1,0.5,0.3,3.5,1.5,0.7,5.5,0.2,0.8,0.8,0.6,0.3,0.1
"apr12",103,5.3,2.2,3.8,1.4,2.7,1.2,1.2,0.9,0.6,1.1,1.5,1.8,0.8,1.6,1.8,2.1,1.7,0.5,0.8,0.6,1.1,0.4,0.6,0.4,0.6,3.9,1.2,1.4,7.5,0.4,0.2,0.3,0.6,0.4,0.3
"apr13",104,2.8,2.5,1.3,3,1.4,1.4,1.4,1.2,1.3,3.6,1.7,2.8,2.9,2.2,2.4,2.2,1.5,0.8,0.7,0.4,0.6,0.9,1.3,0.4,0.4,2.6,1.7,1.3,5.7,0.2,0.2,0.4,0.6,0.6,0.1
"apr14",105,4.4,1.9,4.7,2,1.7,1.7,0.7,1.1,1.8,3,2.2,2.1,1.8,4.3,4.1,2.2,1.4,0.4,0.5,0.6,0.5,0.3,0.3,0.6,0.3,2.4,1.7,0.6,6.4,0.2,0.2,0.3,1.3,0.4,0.1
"apr15",106,3.9,2.8,2.7,2.1,1.9,2.4,1.4,1.7,1.3,3,2,1.7,2,1.9,2.3,1.4,0.9,1.3,0.2,0.4,0.4,0.7,0.9,0.6,0.5,1.9,0.8,1.1,5,0.3,0.3,0.4,1.4,0.3,0
"apr16",107,3.3,5.5,4.1,6.1,4.7,3.9,1.2,2.1,1.5,3.1,2.9,2.8,3.2,3.3,4,1.6,1.4,1.2,0.5,1.2,0.8,0.9,0.8,0.6,0.6,2.1,1.6,0.6,6.5,0.2,0.3,0.1,0.5,0.3,0.1
"apr17",108,2.6,4.6,3.9,3,2.5,2.5,1.8,1.2,2.2,2.6,2.8,1.4,1.3,1.6,3.8,1.6,0.5,1.1,0.9,0.7,0.4,0.3,0.4,1,0.5,1.8,0.8,1.5,6.5,0.2,0.9,0.2,0.6,0.5,0.2
"apr18",109,2.4,1.7,2.3,1.5,1.9,1.2,1.4,2.5,1.7,1.8,2.2,1.2,1.6,1.9,2.3,0.6,2.4,0.4,0.8,0.4,0.4,0.6,0.9,1.6,0.3,1.6,1,0.4,10.3,0.1,0.3,0,1.2,0.8,0.2
"apr19",110,3.8,3,4.3,2.6,2.7,1.5,2.1,0.5,0.3,0.7,1.8,2.2,1.1,2.6,3.4,1.5,2.2,1.5,0.6,1.3,1,0.9,0.8,1,0.3,2.5,2.4,1,9.2,0.3,0.3,0.4,0.6,0.5,0.1
"apr20",111,4.8,3.1,3.8,2.2,1.8,1.7,1.1,1.2,1.7,2.2,1.3,1.8,3.6,3.5,3.4,3,3.3,1.9,0.5,0.7,1.2,0.4,0.8,0.6,0.2,2.7,0.8,1.1,5,0.1,0.6,0.5,1.5,0.4,0.4
"apr21",112,3,3.4,2.5,3.5,2.6,2.6,2.3,3,3,3.2,2.6,3.5,2.2,2.1,2,3.2,1.5,1.6,1.3,0.6,0.2,0.6,0.6,0.4,0.3,1.9,0.8,1.4,6,0.2,0.3,0.2,0.7,0.5,0.2
"apr22",113,2.7,4.2,3.5,3.2,3.2,3.3,1.1,1.9,3.9,3.3,3.3,3.8,4.1,1.8,2.5,1.9,0.5,0.7,1.2,0.5,0.6,1.5,0.6,0.9,0.3,2.7,1.3,0.4,5.6,0,0.3,0.4,0.3,0.7,0.3
"apr23",114,3,4.9,3.5,3.4,4,3.5,0.7,2.3,3.6,2.9,2.3,2.3,2.3,2.2,2.9,1.5,0.3,1.3,0.4,0.6,0.7,0.8,1.5,0.7,1,2.5,1.2,1.7,3.1,0.2,0.1,0.2,0.5,0.3,0.5
"apr24",115,4.2,3.2,1.8,5.9,1.6,2.4,0.9,1.4,1.2,4.2,4.1,3.1,2.9,1.9,2.9,2.1,0.8,0.3,0.4,0.9,1.1,0.5,0.5,1.2,0.5,3.3,1.4,2.1,4.4,0.1,0.3,0.2,0.8,0.3,0.2
"apr25",116,3.4,4.3,4.4,3.3,2.7,2.9,1.2,1,1.1,1.6,1.9,1.5,2.1,2.5,3,0.6,1.1,1.4,0.2,0.7,1.2,0.2,0.5,1.2,1.6,2.2,0.7,0.7,2.8,0.2,0.1,0.3,0.7,0.6,0.4
"apr26",117,3.5,2.2,3,2.1,1.7,1,1,0.6,1.1,1.4,2.1,2.3,1.1,1.4,1,1,1,0.6,0.9,1.1,1.4,0.1,0.3,1.8,0.4,2.5,1,0.6,9.7,0.2,0.3,0.2,0.6,0.4,0.1
"apr27",118,1.6,1.6,2.6,2.7,2.1,1.8,1.3,1.1,0.5,1.6,1.5,1.7,2.1,1.7,2.2,3.5,2.4,0.4,0.9,1.5,1.4,0.8,0.9,1.3,0.4,2.6,1.9,0.8,6.3,0.5,0.1,0.4,0.5,0.4,0.5
"apr28",119,4.3,4.1,3.3,3.7,2.9,2,0.4,1.5,1.5,2.3,1.1,2.6,2.8,2.3,3,2,2.4,2.1,1.6,2.3,1.8,0.9,1.2,1,0.7,2.9,1.8,1.4,3.9,0.3,0.6,0.1,0.9,0.9,0.3
"apr29",120,3.8,6.4,8.1,3.4,4.9,2.7,1.9,0.7,1,1.3,2.2,3.8,2,1.3,1.6,4,0.7,1.2,1,0.8,0.9,0.4,0.8,0.9,0.9,2.3,1.5,0.9,3.6,0.2,0.3,0.3,1.6,0.6,0.5
"apr30",121,4.4,2,4.6,1,1.3,1.3,2,1.8,1.7,1.9,1.8,1.7,2.1,2.2,2.5,1.2,2.9,0.9,0.6,0.5,0.5,0.2,0.4,1.1,1,2.5,1.3,1.3,4,0.4,0.3,0,0.7,0.2,0.2
"may01",122,3.2,1.5,3.6,2.7,1.9,1.9,2.4,1.4,2.5,3.4,2.1,2.2,1.8,1.4,1.9,2.2,1.1,1.4,0.4,0.8,0.9,1.5,0.3,0.7,0.6,2.8,1.4,1.8,6,0.2,0.3,0.2,0.5,0.1,0.2
"may02",123,2,5.4,3,3.4,2.7,3.2,2,2.4,2.5,3.2,2.7,2.5,2.7,3.3,2.2,1.7,0.1,0.7,0.4,0.4,0.2,0.3,1,1.5,1,3.8,1.4,1.4,5.5,0.2,0.7,1,1.4,1,0.1
"may03",124,5.2,5.7,4.8,3,4.1,3,1.6,3.6,3.9,5,3.5,2.6,1.9,0.8,1,0.4,1.5,0.4,0.1,1,0.9,0.7,1.2,1.2,0.5,2.3,1.1,1.8,6.2,0.2,0.8,0.1,1.3,0.6,0.2
"may04",125,3.2,4,3.4,4,2.8,3,1.4,1.6,1.7,1.7,2.6,1.2,1.5,2,2.1,2.1,2.4,1.3,0.4,1.2,0.6,1.1,1.9,1.7,0.6,1.2,0.8,1.1,2.9,0.3,1.2,0.5,0.7,0.7,0.4
"may05",126,4.2,4.6,3.6,3.4,3.2,1.6,0.7,1.1,1,1.7,1.7,1.7,1.8,1.6,1.9,3.4,2.5,0.2,1.5,1.2,1.6,0.4,1.2,2.1,0.6,2.6,1.1,1.5,5.4,0.2,0.3,0.2,1.7,0.7,0.5
"may06",127,4.7,2.1,3.8,2,2.2,2.9,1,1.3,1.7,3.8,3,3.8,1.6,3.1,3.5,2.4,1.6,1.1,0.4,1.5,0.6,0.2,1.3,3.1,0.4,1.9,1.5,1.8,5.2,0.2,0.7,0.2,0.8,0.3,0.2
"may07",128,3.8,2.6,1.7,1.7,3.7,2.4,1.3,1.4,2.9,3.3,3,2.4,1.9,1.7,1.5,1.8,1.6,1.9,1.3,2.8,0.9,0.7,1.1,2.2,0.2,1.6,0.6,0.9,5.4,0.3,0.6,0.5,1.2,0.4,0.4
"may08",129,2.6,4.9,3.1,5.9,3.7,3.4,0.9,3.9,2.8,3.5,2.2,1.2,3.3,2.9,3.5,2,1.8,0.4,0.9,1,0.8,1,0.4,0.7,0.3,2.6,0.9,1.6,3.4,0.2,0.7,1.5,1,0.6,0.9
"may09",130,2.8,4.3,4.5,4.5,4.1,2.8,3,4.6,3.5,5.8,4.2,3,2.6,1.8,2.5,2.1,0.6,0.6,0.7,3,1.7,0.4,1,0.6,0.8,1.1,0.6,1.1,3.9,0.2,0.5,1.2,1.9,0.3,0.3
"may10",131,5.4,3,2.7,1.4,1.9,1.6,1.5,2.1,2.8,2.2,2.5,1.8,2.5,1.8,1.9,2.6,2,1,0.8,1.2,1.5,0.6,1.1,1.6,0.4,1.3,1.2,1.2,4.8,0.4,1,0.3,0.7,0.6,0.4
"may11",132,2.7,2.2,1.7,2.7,1.4,2.4,0.9,2.4,3.2,3.6,2.8,3,2.9,2.3,2.6,2.8,1.5,0.8,0.8,1.3,0.9,0.4,1.3,1.5,0.3,1.9,1.6,0.7,7.7,0.2,0.8,0.5,1,0.7,0.4
"may12",133,2.4,3.5,2.9,3.8,2.4,3.9,1.1,3,4,4.1,2.9,1.8,2.6,3,2.5,0.9,1.2,0.4,1.5,2.9,1,0.3,0.5,1.4,0.5,1.2,0.8,1.1,5.3,0.4,0.2,0.5,1.2,0.9,0.2
"may13",134,2.6,4.3,4,6,4.8,5,2.1,1.1,1.2,1.8,1.9,0.9,1,1.9,2.8,1.7,1.4,1,1.3,1.1,0.9,0.8,2.3,1.9,0.4,2.9,1.6,2.7,4.1,0.5,0.8,0.6,0.5,0.7,0.4
"may14",135,3.3,6.8,5.5,3.8,5,2.1,0.6,1.2,0.9,1.6,1.1,0.7,1.2,1.6,2,2,2.3,0.9,1.2,0.3,1.4,0.5,1.3,1.1,0.6,1.7,1.2,1.1,3.8,0.3,0.7,0.2,0.8,0.3,0.3
"may15",136,3.8,1.4,3.4,2.6,1.2,1.9,0.9,2,1.4,1.8,1.9,3.1,2.4,3.2,3.5,2.5,1.7,0.5,1.2,1.5,1,0.7,1.7,2.3,0.5,1.7,1.5,2,3.9,0.1,0.8,0.4,1.2,0.1,0.3
"may16",137,1.6,3.2,2.4,3,1.5,1.8,1.9,2.2,2.4,2.9,2.6,3.4,3.8,4.4,4,3.1,1.1,0.9,0.5,0.8,1.8,0.1,2.3,2,1,1.2,0.4,1.9,5,0.3,0.6,0.3,1.7,0.2,0.2
"may17",138,2.7,5.4,3.5,4.8,4.7,5.9,1.8,0.9,1.7,4.5,5.4,3.7,3.2,1.8,3.1,1.4,1.8,2.7,2.8,1.9,3.1,0.7,0.7,0.5,0.7,1.5,1,1.9,4.2,0.7,1.3,0.3,0.9,0.1,0.1
"may18",139,3.7,3.3,2.8,2.2,2.6,2.6,1.3,2.8,1.8,6.1,3.8,3.3,3.8,3.7,3.8,0.7,2.2,1.3,2.1,0.7,0.4,0.4,1.6,1.8,0.7,1.5,0.6,1.8,3.6,0.1,0.5,0.7,0.9,0.2,0.3
"may19",140,2.5,3.6,2.8,3,2.4,2,0.9,3.6,3.6,5.3,3.2,2.8,3.8,2.3,2.5,2,3.4,1.7,0.4,1.9,2.2,0.2,2.6,1.2,0.5,2.2,1.2,1,4.8,0.2,0.1,0.1,1.2,0.9,0.3
"may20",141,3.9,2,2.3,2,2.5,2.9,0.9,7.5,5.2,4.6,4.1,2.1,2.8,2.4,2.4,2.3,2.8,1.7,1.1,1.7,2.9,0.2,1.4,2.6,0.5,2.2,0.7,1.2,4.3,0.6,0.9,0.6,0.9,0.5,0.2
"may21",142,3.2,2.5,2.8,2.3,2.4,2.5,1.5,1.6,3.3,2.1,2.5,1.4,2.8,0.5,0.6,2.2,1.4,1.8,0.3,1.5,1.2,0.8,1.2,0.5,0.5,0.7,0.3,1,4.4,1,0.6,1,0.3,0.2,0.4
"may22",143,3.5,4.2,3,2.7,4.3,3.9,1.7,2.3,3.8,2.9,1.8,1.1,1.6,1.1,1,3.4,3.1,0.4,0.7,1.4,1,1.9,0.5,0.9,0.5,2,1.4,1.6,5.2,1,0.7,1.1,1,0.2,0.5
"may23",144,4.1,6.1,4.3,3.1,3.3,2.7,1.9,1.8,2.2,3.1,3.3,1,2.1,1.1,1,2.4,2.6,0.9,1.1,1.6,0.9,1.1,1.2,2.4,1.3,2,0.8,2.8,4.8,0.5,0.7,0.4,1,0.3,0.2
"may24",145,3.5,3.5,3.3,2.2,4.3,2.3,1.1,1.8,1.9,2.5,2.7,1.3,1.8,1.2,1.6,5.7,2.5,1.1,1.1,1.8,2,0.9,2.9,3.3,2,2.3,1.6,1.7,5.3,1,0.7,0.7,0.6,0.5,0.4
"may25",146,3.9,3,2.2,1.7,4.3,3.9,3.3,4.1,3.2,2.5,4,1.3,2,2.3,3.8,1.5,3,1.8,1.6,2.3,1.1,0.8,2.1,2.7,1.6,1.2,1,1.7,6.1,0.2,1,0.7,0.6,0.5,0.3
"may26",147,1.3,3.6,5.1,3.5,4.4,4.2,2.8,1.9,2,4.4,3.7,3.7,3,3.1,3.3,1.8,2.2,0.5,0.9,1.7,2.8,1.8,1.7,2.5,1.1,3,1.2,2.2,3.2,0.2,1.1,0.8,0.8,0.6,0.2
"may27",148,0.6,2.2,3.4,3,1.8,4.6,1.9,1.9,2,2.5,3.6,2,1.9,1.3,2,2.7,1.2,0.4,0.2,0.9,1.4,0.6,1.2,2.1,1,1.6,1.1,1,3.8,0.5,1.4,0.9,0.7,2,0.4
"may28",149,4.2,4.2,3.2,4,3.3,2.2,3.1,1.8,2.4,2.6,2.2,1.8,2.8,2.8,2.2,1.7,1.3,1.6,1.1,3.1,2,0.5,2.3,1.1,1,2.1,1.1,1.3,3.8,0.4,0.5,0.7,0.4,2,0.1
"may29",150,4.6,0.8,1.5,2.1,2.2,3.2,1.5,1.7,1.5,3.6,2.6,1.4,2.5,2.1,1.1,2.9,1.7,1.5,1.5,1.3,1.1,0.6,1.2,2.8,1.3,2.3,1.6,2.5,2.1,1.2,0.8,0.4,0.3,1.2,0.4
"may30",151,2.3,3.6,2,3.7,4.5,5.2,1.5,4.8,3.5,3,4.4,2.2,2.8,1.1,3.3,1.3,2.2,1.6,1.1,2.6,2,0.7,1.6,2.9,0.3,1.6,0.6,2,3.8,1.1,1.5,0.7,0.7,0.7,0.5
"may31",152,3.3,1.9,2.3,1.7,2.7,2.9,1.4,2.9,3.4,5.2,4.7,3.2,3.8,2.8,3.5,4,2.6,0.7,0.6,1.4,2.4,0.6,2.5,1.5,0.8,2.8,2,2.5,6.4,0.7,1.4,0.4,0.6,0.7,0.3
"jun01",153,3.2,3.4,2.6,3.6,3.2,4.5,2.4,3.4,3.3,3.5,4,2.5,2.4,2.3,3.1,3.5,1.6,2.2,1.8,0.8,2.1,0.8,1.3,2.3,0.5,1.8,1.1,1.6,5,0.9,1.3,1.2,1.2,0.7,0.4
"jun02",154,3.8,3.5,4.1,2.5,4,4.7,3.4,6.4,4.6,3.6,2.6,1.6,1,1.3,1.8,1.7,2.3,1.5,1.2,1.5,1,0.8,1,1.3,0.7,1.1,0.9,1.6,7.2,1,1.1,1.6,1.2,0.8,0.2
"jun03",155,3.3,2.9,1.9,1.9,2.1,2.5,2.9,1.9,2.2,1.4,1.9,1.1,0.9,1.8,2.6,1.8,2.9,2.2,1.3,2.6,1.5,0.9,3.2,1.2,0.6,1.7,1.2,1.6,5.3,0.5,0.8,0.9,1.1,0.7,0.2
"jun04",156,3.2,3,3.9,3.3,1.7,2,2.2,2.2,3.1,1.3,2.3,1.9,1.1,0.6,1,1.5,2.5,1.5,0.8,2.7,4,1,1.7,1.5,1.3,2.7,1.5,2.4,4.3,1,0.7,0.4,1.3,0.6,0.2
"jun05",157,1.9,1.6,2.1,2.3,1.8,1.9,1.3,2.7,2.4,2.6,2.1,1.8,1.6,1.9,2.7,2.5,1.3,1.7,1.6,0.9,2.8,0.7,1.8,2.4,0.6,0.7,0.4,2,3.4,0.9,0.8,0.5,0.9,0.8,0.1
"jun06",158,2.6,5.5,5.1,8.2,5.2,3.5,0.6,2.6,2.8,2.7,3.9,3.6,3,2.6,2.5,3.4,3.5,0.6,1.3,2.8,2.6,0.4,1.4,3.2,1.2,2,1,2.7,3.3,0.2,1.2,0.7,1.9,0.9,0.1
"jun07",159,5.6,3,4.4,2,3.2,4.2,2.2,4,2.8,3.1,3.3,2.3,2,3.4,2.1,3.4,2.6,3.6,2.2,0.7,3.4,1.4,1.5,2.4,1.9,0.8,0.9,1.2,2.3,1.6,1.1,0.3,1.6,0.6,0.5
"jun08",160,3.3,5.2,3.8,4.5,3,2.8,2.5,2.6,2.9,2.6,2.9,3.7,2.2,1.6,2.1,3.6,2.6,1.1,1.2,1.6,1,1.5,3.3,3.3,0.7,1.5,1.7,1.4,2.4,0.3,1.3,1.1,1.2,0.2,0.4
"jun09",161,6.3,2.9,3.6,2.4,3.8,2.3,2.8,2.9,2.1,2.4,3.5,2.2,1.7,2.1,3.4,2.7,1.5,1.7,1.1,1.1,2.9,2.8,2.6,3.1,1.1,2.1,0.9,2.9,5.2,0.6,1.1,0.3,1.2,0.6,0.5
"jun10",162,3.3,4,1.7,2.3,4.7,3.8,1.5,3.5,3.9,4.8,5.8,4.1,1.7,2.9,1.4,3.9,2.4,1.3,1.1,2.7,3.4,0.7,1.8,2.4,0.6,2.4,1.6,3.9,3.2,1.4,1.3,0.9,0.6,0.7,0.5
"jun11",163,3.4,1.1,3.3,3.3,3,2,0.9,1.4,3.7,2.8,3.5,2.2,3.4,1.3,4,2.6,2.4,2.5,1.7,1.7,2.8,0.9,2.6,1.5,0.8,1.4,0.5,3.5,5.7,1.1,1,0.1,1.5,0.2,0.3
"jun12",164,3,1.3,1.8,1.5,1.6,2.6,2.1,2.3,2.4,4.5,2.5,2.4,2.3,1.5,1.7,3.3,4.9,2.8,1.7,5.5,1.2,1.2,1.5,2.6,1.3,1.9,0.7,2.1,4.3,1.1,0.8,1.2,0.6,0.3,0.6
"jun13",165,1.8,4.4,1.6,4.6,2.8,2.2,3.9,2.6,2.7,3.9,3.2,1.9,2.5,2.3,2,2.9,3.1,2.6,1.2,3.6,3.2,1.7,1.8,5.2,1.7,2.5,1.1,1.6,2.5,0.4,1,0.1,0.7,0.4,0.5
"jun14",166,3.2,4.3,3,3.2,3.2,2.5,1.9,2.1,1.4,2.6,1.3,2.1,0.7,0.8,1.5,3.8,2.1,1.2,1.7,2,1.4,1.6,2.4,3,0.8,1.3,0.7,1.9,2.3,1.1,2.2,0.3,1.3,0.5,0.8
"jun15",167,1.9,1.2,3.6,0.7,3.3,2.1,1.4,1.8,1.7,2.2,2.4,1.9,3.9,2.8,3.7,3,1.5,1,0.7,1.5,1,1,2.9,3.2,0.8,2.2,0.8,3.1,3,0.7,2.5,0.7,1,0.7,0.2
"jun16",168,3.8,2.3,2.2,3.7,2.4,2.9,3.4,1.9,2.4,7.7,3.6,4.5,4.5,1.1,1.8,1.9,3.5,1.4,1.1,1.6,1.6,2,2.4,2.8,1.3,2.5,1.4,1.8,2.1,0.9,1.5,1,0.2,0.4,0.4
"jun17",169,3.1,5.2,5.1,3,3.4,2.8,2.5,2.4,1.6,2.5,4.2,2.7,3.4,2.6,5,3.6,3.1,2.7,1.4,0.8,2.2,1.1,2.4,3,0.5,1.3,0.3,2.9,4.2,0.9,1.8,0.8,0.9,0.8,0.5
"jun18",170,4.1,2.3,0.7,3.9,2.6,2.2,2.9,2.3,4.5,5,5,4.7,3.1,2,2.4,2.8,3.9,0.8,2.1,1.4,1.7,1.6,1.8,1.6,0.4,2.3,1.1,2.1,3.1,0.8,2,0.4,1.9,0.7,0.3
"jun19",171,2.1,2.2,1.4,3.3,2.2,2,2.5,2.9,2.7,3.8,4.7,4.3,1.8,4.7,3.3,2.6,2.8,1.2,1.2,2.2,1.4,0.3,3.2,2.2,1.5,0.8,0.4,2.4,3.9,0.7,0.6,1,1,0.6,0.3
"jun20",172,4,2.4,3.8,2.9,1.5,1.5,2.4,2,3.8,2.9,3.5,2.4,1.9,1,1,2,3.2,0.7,1.9,1.1,1.2,1.1,2,3.6,1.1,0.9,0.9,1.6,3.4,1.4,0.7,1.3,1.8,0.8,1
"jun21",173,2.2,4.4,3.5,2.3,4.1,5.1,1.5,6.2,5.4,5.6,4.8,4.4,3.7,4,5,1.8,3.5,0.6,1.4,1.5,1.3,0.8,1.6,2.5,0.5,1.2,0.4,1.2,5.3,1.3,1.9,0.3,0.8,0.4,0.2
"jun22",174,3.2,3.9,2.8,1.8,4.8,4.3,1.9,4.6,3.9,4,2.7,2.5,5.2,4.4,2.7,1.6,3.4,2.2,1.2,2.4,2.3,0.3,2.7,2.7,1.4,1.3,0.9,1.1,4.5,1.8,1,1.5,0.9,1.9,0.1
"jun23",175,1.6,2.2,1.7,2,4.4,3,3.5,2.6,3.6,2.9,3,2.1,3.6,2,2.9,2.3,1.1,3.6,3.1,2,2.3,2.7,2.9,3,0.8,0.9,1,1.8,4.2,0.8,2.5,0.7,0.8,1.2,0.3
"jun24",176,3.4,1.4,2.2,3.4,3,2.1,2.8,4.2,4,5.5,5.2,3.3,3.4,3,3.6,2,2.5,4,0.7,3.2,5.2,1.2,4.4,2.8,0.9,1.4,1.3,1.5,3.4,1.4,2.1,0.3,1.2,0.6,0.3
"jun25",177,3,4.8,2.2,2.6,4.4,3.9,1.8,2.8,3.1,4.5,4.3,4.1,3.9,3.3,3.8,3.7,4.7,3.6,1,9.3,1.3,1,2.8,3,0.4,1,1,2.2,4.7,1.1,2.2,1,1.6,0.6,0.2
"jun26",178,2.3,3.5,3.4,5.9,1.5,3.6,1.1,1.9,2.1,1.7,3.3,1,2,1.7,2.3,3.4,3.5,3.9,1.3,3.2,3.6,1.5,5.4,1.7,0.9,2.3,0.9,3.5,3.6,1.5,1.6,1,2.1,0.6,0.6
"jun27",179,1.8,3.1,4.3,2.4,1.1,3.8,3.6,1.1,2.1,6.7,3.9,4.1,3.8,2,3.7,2.4,4.3,2.4,2.1,1.8,2.4,2.8,5,2.5,1.2,1.6,0.7,4.1,3.7,1.7,0.8,0.8,1.9,1.2,0.8
"jun28",180,2.9,3.2,3.9,3,2.7,1.9,2.3,3.7,2.8,3.9,1.2,1.3,1.3,1.6,4.9,3.2,2.1,3.7,1.1,2.1,1.5,1.7,2.7,2.3,0.8,1.4,1,3.1,2.8,1.9,1.3,1.4,1.6,1.3,0.6
"jun29",181,4.5,2.5,1.9,2,2.9,3.4,3.3,3.5,4.2,4.3,2.7,3.5,2.6,4,2.8,3.6,1.5,2.1,2.2,2.4,3.8,1.2,2.6,7.1,2.6,3.3,1,1.5,6.3,1.3,0.7,0.7,0.6,1,0.7
"jun30",182,6.3,3.1,3.7,2.9,3,2.4,4.2,3.1,2.6,5.9,5.4,3.5,3.4,1.4,2.1,1.9,3.8,3.1,0.8,4.9,3.3,1.2,4.6,2.4,1.4,0.5,0.4,3.1,4.6,1.7,1.2,1.7,1.6,1.3,0.6
"jul01",183,2.2,3.3,1.6,1.7,3.7,2.9,2.1,4.3,4.7,4.1,4.6,2.4,1.8,1.3,0.6,3,3.8,3.3,1.1,2.3,2.8,2.1,3.2,1.4,1.5,1.6,1,1.1,4.9,1.6,1.1,2.1,1.5,1,0.9
"jul02",184,1.9,1.3,2,1.5,1.4,2.3,2.2,2,2.5,2.3,3.5,3.1,3.3,3.1,2.4,2.1,3.1,1.6,1.2,2.4,2.6,2,4.2,3.6,1.1,0.6,0.4,2.2,3.1,1,0.8,0.9,0.9,1.3,0.7
"jul03",185,3.3,2.4,2.6,1.5,3.4,3.9,3.6,4.7,3.4,3.5,4.8,3.5,2.6,2.3,1.8,3.6,2.7,1.1,1,3.2,3.1,3,7.2,3.6,2.2,3.1,2.1,1.6,2.8,1.1,2,1.8,1.1,0.4,0.5
"jul04",186,3.2,4.2,3,2.5,2.2,0.8,5.1,2.5,3,2.6,2.3,2.1,2.1,0.7,2.3,2.5,2.6,3.9,1.8,2.7,2.4,1.1,2.7,1.7,1.2,1,0.6,2.2,3.5,1.4,2.2,0.6,1.1,0.9,0.3
"jul05",187,3.1,3.4,4.2,2.6,3.5,2.1,3.2,2.3,4.6,5.9,2.5,1.6,1.7,3.9,3.2,2.7,2.4,4.2,2,1.7,3.6,0.8,3.7,2.9,1.8,3.9,1.4,1.7,1.8,1.3,1.2,1.4,2.1,1.2,1.1
"jul06",188,3,1.3,3.3,1.2,3.3,2.7,1.2,3.7,1.8,2.5,4.5,1.4,0.9,2.8,2.6,2.7,1.2,2.1,1.5,2.8,3.2,0.7,7.1,3.2,2.5,0.4,0.1,1.9,2.9,0.6,1.5,2.5,1.2,0.9,0.7
"jul07",189,2.9,0.8,2.6,0.4,0.9,1,2.1,4.9,7.4,2.8,2.4,1.3,1.1,2,2.7,5.6,5.2,4.5,2.4,1.5,3.1,2.7,3,2.3,0.9,1,0.2,2.6,5.1,1.6,1.1,1.2,1.1,0.9,0.2
"jul08",190,3,1.6,1.3,4.9,1.1,2.3,3.3,3.4,4.6,5.7,3.1,2.2,4.2,1.1,4.1,1.7,1.3,2.5,1.9,1.5,1.2,2.5,3.4,1.9,0.7,1.6,1,3,2.4,1,1.7,0.6,1.5,0.8,0.5
"jul09",191,3.6,1.9,1.2,2,2.1,2,2,3.7,5.3,4.5,4,2.4,3.8,1.8,1,3,1.2,0.5,0.8,5.8,1.5,3,3.4,1.3,0.7,1.4,1,1.8,3.9,1.7,1.6,1.1,0.8,1,0.6
"jul10",192,2.5,1.9,2.4,1.8,3.1,3,2.9,2.8,3.3,2.9,3.6,3,2.6,1.5,1.5,1.4,2.5,1.6,1.5,4.7,3.2,0.6,2.9,2.2,0.9,2.3,1.2,2.5,5.2,1.6,2.3,0.7,2.6,1.3,0.6
"jul11",193,1.7,0.8,1.7,1.2,3,4.7,4,4,4.6,5,4.6,2.7,2.9,1.3,1.7,1.8,1.5,7.6,2,3,3.3,3.9,3.3,1.2,1.4,3.4,1.3,3.8,4.2,0.8,1.6,0.6,1.9,2,0.4
"jul12",194,3.4,4.1,2.9,4.5,3.4,4.6,2.4,2.1,2.8,3.3,2.3,2,4.2,3.7,3.6,3.9,2.6,1.2,2.1,1.9,3.2,1.4,3.4,2.4,0.8,1.9,0.9,2.8,5.2,1.8,1.7,0.5,2.2,0.9,1.1
"jul13",195,1.5,5.1,5.4,3.5,3.5,6.1,2.4,2.7,2.2,4.3,5.2,1.7,3.4,1.9,2.2,3.7,4,1,1.9,1.5,2,1.9,1.6,1.4,1.6,0.8,0.8,2.9,4,1.5,1.3,2.1,1.7,1.6,0.6
"jul14",196,2.3,4.4,2.1,3.1,3.5,2.7,2.4,4.6,3.9,5.8,3.9,4.7,2.8,3.1,5.8,1.4,2.5,1.7,1.1,1.3,3.1,0.3,2.4,1.3,0.6,1.2,0.9,2.1,3.4,1,1.5,1.1,3.3,0.2,0.9
"jul15",197,3.7,1.6,2,1.8,1.6,2.4,4.2,4,3.5,5.5,3.3,3,2.2,4.6,1.5,2.8,0.8,4.5,0.9,1.6,1.8,1.7,2.8,1.2,1.6,1.9,0.4,2.5,2.8,1.5,1.2,1,1.8,0.4,0.7
"jul16",198,2.6,1.1,1.9,0.8,1.1,0.9,3.4,3.4,3.2,2.5,4.2,1.9,1.8,0.6,2.1,3.7,3.4,3.2,2.3,1.7,2.3,1.4,4.4,2.4,1.2,1.5,0.4,1.4,2.5,1.7,1.2,0.7,1.9,1.8,0.6
"jul17",199,1.5,5,5.4,6.1,6.3,1.5,2.7,2.8,5,3.4,2.4,3,4,2.4,3.2,3.1,1.8,2.3,2.5,1.4,2.9,0.5,4,3.2,0.4,1.2,0.2,1.4,2.6,1.7,1.6,1.4,1.6,1.1,0.4
"jul18",200,2.6,0.9,2.5,0.8,0.8,1.9,3.1,6.1,3.3,2.4,3.4,2,2.7,2.8,2.5,2.9,1.5,1.6,2.1,1.2,3.4,1.7,2.3,2.1,0.5,0.6,0,2.2,2.6,1.1,2.7,1.7,2,1.1,0.5
"jul19",201,1.6,0.8,3.1,1.9,1.5,3.5,4.2,4.1,4.1,4.1,3.1,1.9,1.8,3.5,3.1,3.2,3.2,1,3,1.7,2.4,1.5,2.1,1.9,0.1,0.6,0.3,0.8,4.8,1.3,2.1,0.5,2.4,0.6,0.9
"jul20",202,2.3,2.7,1.9,1.7,4,3.6,3.6,5.2,3.9,3.6,3.4,3.3,4.6,3.1,4.8,2,2.7,1.7,1,1.5,2.1,1.4,2.6,2.5,0.8,1,2.5,1.8,1.7,1.3,1.2,0.7,0.9,1.4,0.5
"jul21",203,3.4,6.9,3.7,5,2.9,3,5.1,2.3,4.5,4.6,5.1,3.8,2.5,1.2,0.3,4.2,0.7,0.9,0.9,2.1,1.8,3.1,1.6,3.3,0.7,1.5,0.7,1.5,3.5,0.8,1.6,0.6,3.5,1.6,0.9
"jul22",204,3.4,4.6,3,5.1,3,2,3.2,1,2.1,2.1,2.2,2,1.8,3,2.4,2.2,2.1,2.8,2.5,4.9,0.8,4.5,3.2,1.6,0.3,0.2,0.1,2.4,3.1,0.6,0.9,3.6,1.9,1.6,1.2
"jul23",205,2.2,1.2,1.4,1.1,1.3,2.7,3.8,2.4,2.8,3.2,2.7,3.7,2.7,1.1,1.9,2.6,1.8,3.3,3,1.3,0.7,2.6,2.5,2.3,0.9,0,0,1.5,5.1,0.5,0.7,1,1.1,0.7,0.5
"jul24",206,3,2.2,2.4,2.1,2.4,2.8,3.4,2.4,2.1,4.1,2.9,2.7,4.4,3,1.3,3.6,2,1.8,1.8,1.5,2,0.8,1.8,2.1,0.8,0.5,0.5,1,3.3,0.4,1.1,0.8,1.8,0.8,1
"jul25",207,2.5,2.4,3.5,3.7,1,1.6,2.6,5.7,5,1.6,2.2,2,3.1,2.9,2.9,1.9,4.2,0.9,1.7,2,1.2,1.8,2.3,3.9,0.4,0.7,0.2,0.9,5.4,1.3,2.1,0.5,2.6,1.1,1.2
"jul26",208,2.7,3.3,3.4,3.1,1.9,2.7,2.6,5,4.9,6.9,5.6,7,3.9,3.5,2.1,1.8,3.6,1.1,1.2,0.5,1.7,1.4,0.4,0.7,0.2,0.4,0.4,1.4,3.8,1.7,1.4,1.1,1.3,0.7,0.4
"jul27",209,2.7,2.8,3.9,5.4,2.8,2.4,4.4,4.1,4.2,4.1,4.7,3.6,4.2,1.7,4.5,3.9,1.3,2.3,1.9,1.3,2.1,1.1,3.9,1.6,0.1,0.5,0.1,1.5,5.3,1.9,0.8,0.4,1,0.9,0.6
"jul28",210,2.3,8.8,2.3,3.7,5.2,3.1,2.5,6,4.6,4.5,5.6,3.1,3.4,5.6,4.2,2,1.8,2.5,0.9,1,2.2,1.6,3.5,2.9,1,0.5,0.2,2.7,4.4,1.4,0.9,0.9,1.5,1.1,1
"jul29",211,3.2,5.2,2.9,2.7,2.9,2.6,3,5.1,3.8,6.2,6.5,4.6,4.4,2.4,3.5,1.5,2.6,1.2,0.6,1.3,2,0.5,3.1,3.4,0.5,0.7,0.4,1.3,2.1,1.7,1.5,1,2.2,1,1.1
"jul30",212,1.9,4.8,1.9,2.9,1.9,3.8,4.3,2.1,3.5,4.2,3.5,1.1,1.2,2.3,3,1.8,3,1.5,2.3,1,4.6,0.5,2.7,1.2,0.2,0,0.2,1,3.5,1.3,2.3,0.8,3.2,1.7,0.9
"jul31",213,3,2.9,3.9,1.5,3.7,1.7,4.3,2.7,2,2.6,3.5,3.8,4.3,5.2,3.1,1.5,3.2,2.2,1.4,0.2,0.6,0.9,1.4,1.8,0.8,0.1,0,1.4,3.1,0.9,2,1.2,3.7,0.9,0.7
"aug01",214,2.3,3,3.2,2.9,5.3,4.7,3.6,3.3,4.2,3,4.1,2.2,1.9,1.9,4.2,2.6,2.6,1,2,2.1,2.6,1.2,1.8,3,0.4,0.5,0.1,2.4,2.5,0.7,2,1.5,1.7,1,0.6
"aug02",215,2.7,2.1,2.5,3.1,2.2,4.2,1.4,2.9,2.9,5.4,3.8,3.6,5.6,4.3,7.5,3.6,2.1,1.7,1.5,1.2,4.2,0.3,1.9,0.8,1.5,0.2,0.2,1.4,2.2,1.3,1.3,0.6,2,1,1
"aug03",216,2.8,2.5,1.1,2.2,1.2,3.1,2.4,6.8,4.7,5.4,3.9,3.8,2.2,3.4,2.9,4.1,2.8,1.6,1.1,1.3,1,1.1,3.1,2.1,0.6,0.6,0.4,0.6,5.3,1.2,2,0.8,2.7,1.8,1
"aug04",217,4.5,5.4,2.4,4.2,3,1.7,1.7,3.6,5.1,3.6,6.5,5.5,6.3,3.2,2.5,2.1,1.1,1.6,1.1,1.8,1.9,1.1,2.2,3.2,1.4,1.3,0.8,3.2,6,1.1,2.5,0.7,1.3,1.7,1.2
"aug05",218,4.3,2.4,4.5,1.7,5.2,8.6,2.9,1.1,3,4.7,3.8,3.1,4.1,2.2,1.9,3,3.5,1.9,1.4,2.4,2,1.4,5.1,2.3,1.2,0.3,0.1,2,5.2,2.1,1.2,0.9,2.7,1.3,0.9
"aug06",219,2.8,3.4,3,0.9,1.7,2.4,2.4,2.6,3.6,2.5,2.9,2.9,3.8,2.7,1.5,3.4,1.8,3.9,2.4,2,1.5,1.4,2.6,0.7,0.4,0.6,0.4,1.1,5.2,0.8,2.4,1,2.7,1,1.3
"aug07",220,2.4,3.3,4.2,0.6,1.9,2,1.7,3.1,2.5,4,5.6,3.3,2.5,3.5,4.7,3.1,3.2,1.6,3.2,0.7,1.7,1.8,2.3,1.8,0.8,1,0.5,0.7,4.1,2.4,1.5,1,1.2,1,1.4
"aug08",221,4.9,1.8,1.4,1.9,1.6,4.2,2.9,3.2,2.6,3.6,3.7,3.1,4.5,3.8,3.1,2.3,3.5,2.1,1.8,1.5,1.6,1.2,3,1.9,0.6,0.9,0.3,1.8,5.9,2.2,1.9,1.7,3,2,0.9
"aug09",222,2.8,1.2,1.7,1.7,1.4,3.3,4.5,3,3.3,4,3.9,4.6,1.9,2.2,2.3,2.4,0.9,4.1,1.8,0.2,3.2,1.1,1.8,1.5,1.4,0.8,0.3,1.5,6.5,1.2,0.5,0.8,1.4,1,2.1
"aug10",223,2.1,3.9,2.1,4.2,2,3.4,5,2,3.2,5.1,7.2,1.7,2.6,2,2.1,3.3,1.2,2,1.7,0.2,1.9,1.5,1.8,1.2,0.3,0.3,0.3,2.9,5.4,1,2,1.4,3,1.6,0.8
"aug11",224,2.3,2.8,1.8,2.1,3,1.8,3.8,2.2,1.9,4.7,5,1.6,1.7,3.5,4.1,2.6,3.8,1.5,1.5,1.4,1.7,2.3,2.7,2.3,0.5,0.6,0.4,1.2,4.1,0.7,2.1,1.2,3.2,1.6,1.5
"aug12",225,4.3,6,5.7,5.8,8.4,4,2.1,3.7,3.7,3,4.3,1.7,2.4,1.5,1.4,3.4,2.5,2.7,0.7,0.4,2.1,2.3,0.5,1.6,1,2.2,0.8,2.7,4.7,0.8,0.8,1.4,2.3,1.5,1.1
"aug13",226,4.9,2.5,2.8,3,2.7,4.4,2.2,3.9,2.1,2.6,4.9,3.4,2.8,3,3,2.5,0.9,1,1.2,1,0.5,2.2,2.1,2.5,1.2,1.4,0.9,2.3,4.7,1.2,1.7,0.8,1.8,0.7,0.8
"aug14",227,2.7,3.4,2.4,3.5,4.2,2.6,2.5,3,5.5,3.6,3.6,2.7,2.2,1.6,2.1,0.4,4.4,1.5,1,1.8,2.1,2.7,1.4,1.4,0.3,1.3,1,1.6,5.2,1.2,2.3,1.5,2.1,1,0.9
"aug15",228,4.4,7.9,2.5,3.9,2.4,1.8,3,2.9,5.4,5,3.5,4,1.5,3.7,1.5,2.6,3.1,2.4,1.9,2.1,0.9,1.5,1.9,1.6,0.6,0.4,0.7,0.6,5,1,0.8,3.8,0.8,0.9,1.3
"aug16",229,3.5,4.5,2.9,1.1,5.6,3.5,2.4,4,2.9,2.7,1.7,3.3,3.4,2.7,2.4,3.3,2.9,1,1.9,2.1,1.2,1.4,4.3,3.4,3.1,3.4,2,2.1,6.7,0.3,1.8,0.3,0.8,3.4,0.8
"aug17",230,1.4,3.7,8.2,0.9,2.4,3.9,3.2,4.2,5.4,3.2,5.3,2.8,2.4,0.8,1.1,2.8,3.5,4.7,0.5,2.2,0.6,1.1,4.4,2.4,0.9,1,0.7,2.2,4.6,1.6,2.1,1.6,2.1,1.2,0.6
"aug18",231,10.2,2.7,2.9,4.9,4.1,3.3,2.3,3.1,2.2,2.9,2.8,2.9,3.5,1.8,2.3,2.9,3.4,3.3,2.7,1.4,1.8,1.1,1.1,1.8,0.9,1.5,1.1,3,4.9,0.4,0.6,1.1,1.6,1.3,0.5
"aug19",232,5.6,4.4,2.7,3.2,3.8,5,2.4,3.4,2.2,1.6,2.4,1.1,2,2.5,2,4.1,0.5,1.6,2.1,0.7,2.7,2,1.4,1.9,0.7,1.2,1,1.4,6.6,1.1,1,1.6,1.8,1,1.4
"aug20",233,3.4,4.8,2.6,3.7,4.1,2.6,3.4,1.7,2.1,4,4.1,2.5,2.1,0.5,1.2,1.4,5.4,0.7,3.8,1.7,1.4,0.8,1.9,2,1,2.1,0.6,2.1,6.9,0.9,1.3,1.3,2.8,1.6,0.6
"aug21",234,5.1,1.9,3.5,3.3,2.6,2,2.7,2.1,3.1,3.9,1.5,2.9,2.5,2.2,1.5,3.8,1.8,1.5,2.7,2,2.4,2.2,0.8,1.2,0.4,0.7,0.8,1.5,4.5,2.2,1.1,1.9,3.3,2,0.6
"aug22",235,2.5,1.6,1,2.6,1.5,1.4,2.7,2.2,2.7,3.3,1.3,2.1,3.2,5.4,3,4.8,1.5,2,2,2.2,0.6,2,0.8,0.9,0.5,1.1,1.1,2.5,3.6,0.9,2.7,1.3,2,2.3,0.7
"aug23",236,7,3.5,3.4,3.7,2.1,2.5,2,4.6,3.8,4.9,7,4.9,2.9,2.3,1.9,1.2,3.1,1.8,2.4,1.1,1.3,1.8,0.9,1,0.7,1.8,1.7,1.8,5.5,1.9,1.5,0.7,1.1,1.8,0.8
"aug24",237,4.2,6.2,5.7,2.8,4.6,5.3,1.6,2.5,2.9,5,3.4,2,2.4,2.4,5.4,1.8,2.2,1.2,2.8,1,2.2,3,2.3,1.2,1.2,0.9,0.8,1,2,1.6,1.8,1.1,1.1,1,1
"aug25",238,4.2,0.9,4.6,1.1,2.4,3.1,2.9,1.3,1.7,2.7,3.8,6,2.8,2,2.4,2.1,0.7,1.3,2.2,1.1,2.3,4.5,1.7,1.7,1.4,1.2,0.7,1,8.6,2.3,0.6,1.4,1.7,1.7,1
"aug26",239,1.8,2.2,0.6,2.9,1.7,3.2,4.4,3.5,2.1,2.6,5,4.1,2.1,4.2,4.5,2.9,1.2,2.3,2,1.7,0.4,2.3,1.6,1.8,1.7,1.9,0.9,2.1,5,1.2,0.8,0.4,3.8,1.6,0.7
"aug27",240,4.2,3.8,2,1.3,2.8,2.8,2.4,3.7,4.6,3.5,5.7,5.4,2.9,3.9,3.2,2.7,1.2,1.8,1.4,1.5,1.6,0.9,1.8,0.5,0.9,3,1.3,2.6,3.9,1.6,0.8,1.1,2.4,1.7,1.1
"aug28",241,4.5,2.7,2.1,1.9,1.4,1.6,3.8,2.9,2.4,7.7,5.7,3.6,5.5,4.5,5.1,1.3,0.9,2.8,1.7,1.3,2.3,1.9,5,1.2,1.2,1.9,0.7,2.4,4.3,1,0.4,1.1,0.8,0.8,1.1
"aug29",242,3.5,3.4,4.4,3.8,1.4,2.3,4.9,1.3,2.8,4.1,3.7,2.2,2,1.3,2.3,3,5.8,1.8,2.9,1.3,1.8,2,2.8,0.5,0.8,1.5,0.8,1.4,4.6,0.5,0.8,3.1,2.4,1,1
"aug30",243,5.3,4.4,4,2.6,3.7,1.1,2.8,2,2.7,2.7,5.3,3.7,3.8,4.6,3.4,2.8,2.2,2.7,3.2,0.2,1.9,2.2,2.5,1.6,0.9,3.2,1.8,1.5,6.7,0.8,1.1,1.5,1.3,0.9,1.6
"aug31",244,1.9,3.2,4.7,4.7,2.4,1.7,3.4,3.2,3.9,3.6,3.5,1.8,1.7,1.1,1.4,4.3,3.1,2,1.7,1,1.6,1.1,1.5,0.4,1.7,1.4,1.1,2.4,10.2,1.5,1.7,0.9,1.7,2.1,1.2
"sep01",245,3.6,1.2,4.9,1.1,2.5,1.6,4,3,2.8,5.2,3.2,5.6,4.9,1.9,3.9,3.6,1.6,1,1.5,1.4,1.2,2.3,1.3,0.7,1.7,4.8,2.9,3.1,7.7,1.6,1.1,1.8,4.4,1.7,1.4
"sep02",246,2.4,3.1,4.1,2,5.5,3.7,2.5,3.3,2.6,3.9,2.7,4.3,1.7,2.7,4.5,2.5,1,3.2,1.5,1,2.1,1.9,2.3,1.4,1.9,1.9,0.7,0.9,4.5,1.3,1.6,1.8,2.5,0.9,0.9
"sep03",247,4,2.9,3.5,2.8,1.3,2.4,2.1,3.1,2.5,5.2,5.3,3.5,3.5,3.4,5,2.5,3,1.8,5.6,1.7,1.8,0.9,0.9,1.8,1.1,1.8,0.8,1.8,9.4,0.9,0.7,0.5,2.7,1,0.9
"sep04",248,6.1,4,2.6,4.8,2.5,4,3,4.6,3.6,4.1,2.8,3.1,1.7,2.2,0.8,2.2,1.9,2.1,3.4,1.3,1.8,1.9,3.5,1.8,1.3,1.9,0.8,2.6,10,3.3,1.4,0.8,1.8,0.8,0.4
"sep05",249,2.4,2.9,4.3,2.5,3.4,3.4,3.3,3,2.9,4,2.2,2,1.4,1.9,2,2.1,2.2,1.9,2.1,0.2,2,2.9,1.9,1.6,1.1,2.1,1.2,2.9,9.4,2.1,1.4,1.2,3.1,0.9,0.6
"sep06",250,2.6,4.6,3.3,2.2,3.8,4.9,2.7,2.5,3.2,5.6,6.6,2.9,3,0.5,2.4,1.2,1.8,1.6,3,0.6,1.7,1.7,3,2.7,1.8,1.9,0.8,3.4,8,1.6,1.4,0.8,2.5,1,0.8
"sep07",251,6.2,1.7,4.4,1.9,3,1.4,2.9,1.9,1.9,2.1,1.4,1.9,0.5,0.2,0.4,1.6,0.5,2,2.8,0.5,1.4,2.3,2.5,2.2,1.1,1.1,0.7,1.3,5.9,1.2,1.3,1.3,1.9,0.7,0.8
"sep08",252,4.3,0.7,2.4,0.5,1,0.9,2.9,3.4,3.4,1.9,2,2.6,2.9,2,1.1,6.6,3.1,3.8,1.6,1.1,1.9,1.5,2.2,0.7,0.7,2.2,1.8,2.4,12,1.5,1,2.1,2.7,0.6,0.8
"sep09",253,2.3,2,2.2,4.3,2.4,5,2.4,4.1,3.6,3.9,3.3,1.8,1.4,1.8,3.1,3.2,1.6,2.1,1.6,1.4,1.9,0.6,2.2,1.8,0.9,1.4,0.8,2.5,8.1,0.7,1.9,1.3,2,0.7,1
"sep10",254,5.1,1.8,3.6,1.8,4.6,1.6,3,5.5,4.7,6.3,4.3,3.1,3.4,3.4,2.8,7,1.6,2.8,1.2,0.5,0.7,1.2,1.9,1.3,1,2.6,2,1.2,4,0.5,1.1,1,0.7,0.8,0.4
"sep11",255,5.8,5.2,3.9,3.6,6,3.7,3.2,4.3,4.7,4.4,4.3,2.8,4.1,2.6,2.3,2.3,1.8,1.2,1.5,1.8,0.7,0.7,3.1,2.3,0.8,1.5,1.2,1.6,3.8,0.5,1,0.8,0.7,0.7,0.8
"sep12",256,5.6,2.2,4.7,0.9,3.3,3,2.9,3.7,3.9,4.6,3.7,5.1,4.2,1.3,2.1,2.1,3.6,2.1,2.1,1.8,3,1.5,0.9,4.3,0.8,0.7,0.3,1.3,6.1,1.3,1.3,0.5,1.9,0.6,0.7
"sep13",257,4.1,2,1.4,2.1,1,0.9,3.7,3.9,3.2,3.5,3.2,3,3.2,4.6,4.8,3.8,1.2,2.9,1.5,1.1,0.9,0.9,1.4,1,1.5,2.2,1.7,1.8,5.1,1.8,1,0.6,1.6,0.7,0.6
"sep14",258,2.6,6,5.4,6.1,4.5,3.5,3.6,2.5,3.3,5.4,4.3,5,3.2,4.3,3.3,2.8,0.6,2.7,1.8,1.5,0.8,1.5,0.8,1.5,0.8,1.3,0.6,1.1,8.1,1.3,1.1,0.4,1,0.5,1
"sep15",259,5.5,4.8,6.1,3.8,4.5,4.5,3.8,2.2,2,3.2,2.8,1.8,1.9,1.8,1.6,1.8,0.8,2.1,2,1.2,1.3,1,1.2,0.6,0.3,1.6,0.7,1.4,10.4,1.4,1.2,1.5,1.2,1.3,0.8
"sep16",260,2.3,3.1,3.8,3.1,0.9,0.7,3.6,1.7,3.1,2.1,1.4,1.1,1,1.7,3.1,3.8,1.5,1.9,1.2,0.8,2.3,0.9,2.1,1.6,0.9,3.8,1,2,10.2,1.5,0.9,0.8,1.2,0.9,1
"sep17",261,2.6,1.9,2.7,2.4,1.5,1.6,3.1,2,2.8,3.4,3,2.8,2.5,4.3,3.4,2.3,1.9,1.9,1,0.8,1.5,1.7,1.4,1.9,0.4,2,1.4,1.3,8,0.6,0.8,0.9,1.1,1.5,0.6
"sep18",262,6.2,4.3,5.7,3.6,2.3,3.6,3.6,1.8,1.4,3.1,3.4,2.2,2.9,4,4.2,3,1.1,1.7,2,1.6,0.5,1,1,1,0.4,1.4,1.4,1.2,7,1,1,0.4,2.6,1.7,0.9
"sep19",263,5.2,1.5,2.2,1.3,2.1,2.5,4.9,1.7,1,1.8,3.2,0.6,0.9,0.9,1.6,5.7,1.3,1.2,1.8,1,0.8,0.9,1.6,2.5,1.3,2.1,1,1.6,8.3,0.5,1,1.2,1.2,0.5,1
"sep20",264,2.7,2.8,2.6,2.3,2.5,2,3.5,2.9,3.2,6,2.5,2.7,2.9,1.2,2.5,3.5,2.6,1.3,1.6,1.7,0.4,0.4,0.9,1.2,0.4,2.6,0.9,0.9,7.9,0.9,1.4,0.6,1.7,0.7,0.6
"sep21",265,5.6,3.2,2.1,5.6,2,3.4,3.7,3.2,3,3.5,3.8,2,3.8,2.9,3.4,1.9,2.4,1,1.2,3,2.2,0.4,1.5,1.9,0.2,1.7,1.9,1.9,9.6,0.7,1,0.5,0.9,0.6,1
"sep22",266,1.8,7.1,4,4.5,5.5,3.6,3.4,2.5,4.4,4.7,5.2,3.1,3.3,4.5,5.4,2.1,2.4,2.6,1,0.9,0.9,1.9,1.1,0.2,1,3.1,2.2,2.6,9.9,1.2,1,0.3,1.7,0.9,0.9
"sep23",267,2.4,5.2,3.7,5.5,4.2,3.6,4.6,4.3,4.6,4.2,3.5,2.9,2.7,1.5,3.3,2,0.2,0.8,1.3,0.3,0.5,1.5,0.5,1,1,3.3,1.1,3.6,10.3,1.3,0.5,0.4,1.7,0.7,0.4
"sep24",268,4.9,3,2.1,3.5,3.3,3.4,3.2,3.6,3.5,4.2,2.2,1.7,1.5,3.1,2.3,2.5,3.5,1,2.3,1.3,0.5,1.8,1,0.7,1,0.8,0.8,2.9,9.8,1.9,1.6,0.5,2.2,0.6,0.4
"sep25",269,4.2,1.5,1.3,1,1.7,3.5,2.2,2.7,2.4,2.7,3,2.1,1.3,1.8,2.6,1.6,1.1,2.4,2.7,2.3,1,0.9,1.6,3.8,0.9,0.6,0.7,1.1,8.4,0.8,0.8,0.5,1.3,0.8,0.8
"sep26",270,2.7,4.2,3.5,3.2,3.6,3.8,1.9,5.9,4.3,4.8,4,5.9,5,2.7,2.7,2.5,1.2,2.7,1,0.5,1.3,0.6,1.2,2.3,0.3,1.7,0.7,1.7,7.3,0.3,1,1.3,0.8,0.3,0.8
"sep27",271,5,3.4,3.7,4,3.4,4.6,3,4.8,3.3,5.7,4.8,4.2,3.9,1.9,2.5,1,1.4,0.3,2.1,0.7,0.5,0.5,0.6,0.5,0.6,1.8,0.6,2.2,8.7,0.6,0.9,1,1.3,0.6,0.7
"sep28",272,3.5,2.4,3,2,3.4,1.9,1.3,2,3.1,1.9,2.2,1.6,2.3,2.8,1.9,1.1,1.6,2.6,1,0.9,1.2,0.7,0.5,0.5,0.5,2.5,1.5,2,12.3,1.3,1.1,1.4,2.3,0.7,0.6
"sep29",273,6.5,5.2,4,5.2,4.9,5.1,3.2,4.9,4.3,5.5,3.2,2.4,3.3,3.2,4.6,2.6,1.3,1.3,0.9,0.5,0.8,0.9,1.1,0.5,0.4,2,0.9,2.1,12.6,1.3,0.9,1.3,1.3,1.8,0.6
"sep30",274,5.6,2.2,4,1,2.1,2.9,2.2,3.7,5,5.3,3.4,2.8,3.1,1.8,3,5.1,2.1,1,1.8,0.8,1.5,1.1,1.1,0.2,0.5,2.1,1.1,2.5,10.8,1.5,1,1.6,1.3,0.8,0.4
"oct01",275,3.7,2.6,3.5,4.5,3,2.8,2.9,4,3.1,3.9,3.4,3.1,2.8,2.6,2.2,2,0.6,1.1,0.7,0.2,0.9,1.5,0.7,0.8,0.6,3.3,1.3,2.6,7.5,0.6,1.1,0.4,1.6,0.8,0.4
"oct02",276,6.6,6,5.1,4.7,6.1,3.8,2.6,2.1,2.9,5.2,3.8,3.7,3.8,2.4,2.9,2.5,1.3,1.9,2.1,1.4,1,1.2,1,0.5,0.3,1.4,0.7,2.2,9.4,1.8,2.3,0.7,1.4,1,0.8
"oct03",277,5.4,4.9,6.5,4,4.7,4.1,2.9,3.8,3.3,4.6,3.7,2.8,3.4,1.8,1.8,2.6,1.5,1.9,1.7,0.8,2.2,1.1,1.2,0.4,0.3,1.9,1.9,2.4,13.2,1.3,1.3,2.1,1.1,1.2,0.5
"oct04",278,5.8,4,5.7,4.4,5.8,6.1,4,2.7,3.1,4.1,3.8,2.2,2,2.6,4.2,1,0.9,1.3,2.4,0.8,0.9,2.1,0.8,0.4,0.2,1.3,1.1,0.7,13.3,1.9,0.4,2,1.5,0.7,0.6
"oct05",279,4,3.8,6.1,1.6,3.2,2.7,2.4,2,2.4,4.1,3,2.7,4.5,1.3,1.2,1.9,0.2,0.9,1.8,0.9,0.6,1.2,0.6,0.6,0.9,3.1,2.2,1.8,15.8,0.6,0.8,1.5,0.8,0.8,1.1
"oct06",280,6.8,4,2.8,1.8,2.1,1.7,2.2,2.9,3.3,3.7,5.7,2.1,2,2.6,2.6,1.9,0.7,2,2,1.7,0.6,1.2,0.2,0.4,0.6,3.5,2.1,1.2,10.1,0.6,1.1,0.5,2.2,0.5,0.7
"oct07",281,5.4,5.8,5.3,4.4,3.9,3.3,1.5,2.6,3.1,2.9,2.5,2.2,2.1,1.8,1.8,3.2,0.9,0.9,2.1,0.4,0.4,1.5,0.8,0.8,0.2,4,1.6,2.2,10.9,0.8,0.8,1.2,1.4,0.9,0.5
"oct08",282,6.5,2,2.5,1.2,2.7,3,9.9,3.3,2.2,3.5,3.5,2.6,2.7,2,3.7,3.6,0.7,1,1.4,0.4,0.6,1.4,0.8,0.3,0.3,2.8,1.8,3.4,14.1,0.9,1,1.3,1.5,0.8,2.1
"oct09",283,4.4,3.3,5.2,3.6,3.7,4.2,2.1,2.3,3.4,5.7,4.1,5.7,4,2.9,3.3,4.9,0.6,1.2,1.1,0.6,1,1.2,0.4,0.7,0.5,2.9,2.3,2,14.8,0.9,0.6,1.7,1.6,1.3,0.2
"oct10",284,7.1,6.2,3.4,6.1,6.3,4.3,1.4,2.5,2.4,3.4,3.6,2.6,2,1.5,3.3,2,2.1,0.9,1.9,0.3,0.6,1.2,0.7,0.7,0.4,2.5,1.3,1.9,13.3,0.2,1.3,0.6,1.5,0.8,0.4
"oct11",285,5.7,5.4,5.7,2.8,6.2,2.2,2.1,2.8,2.5,2.8,2.2,1.4,1.6,0.7,1.9,3,1,0.9,1.9,0.2,0.3,0.7,0.3,0.6,0.7,1.8,1.4,0.9,10.8,0.5,1.4,1.5,1,1,0.3
"oct12",286,5.7,3.3,4.5,2.3,2.3,3.5,2.8,2.1,3,4.1,3.8,1.9,2.1,2.2,3.1,2,0.9,1.7,1.3,1.2,0.6,1.1,0.5,0.6,0.7,3.9,2.7,1,9.8,0.3,0.7,1.6,1.5,1.1,0.3
"oct13",287,4.3,2.4,3.4,2,2.5,1.8,2.4,2.4,2.7,2,2.2,1.9,2.7,1.8,3,1.3,1.1,0.8,2.5,0.7,0.4,1.5,0.6,1,0.2,3.7,2.9,2,10.8,0.4,1.4,0.7,1.8,0.8,0.6
"oct14",288,4.8,2.3,2.9,3,2.3,2.4,10.6,3.2,4.6,5.7,3.1,2.3,1.7,1.3,1.7,1.7,1.1,1.5,1.8,0.3,0.4,1.5,0.5,0.5,1,2.9,1.7,2.5,8.8,0.5,1.6,1.4,1.4,0.7,0.3
"oct15",289,4.2,3.7,4.6,3.1,4.8,4.9,3.9,2.2,1.8,1.9,3.5,2.4,2,1.9,2.1,1.6,2.5,1.2,0.7,0.4,0.6,1.1,0.1,0.6,0.5,1.3,0.9,1.6,12.2,0.7,0.9,1.6,0.5,1.3,0.3
"oct16",290,4.3,2.9,3.5,2.4,2.4,2.6,4.1,1.8,3,3.8,1.7,1.8,2,1.4,2.3,1.6,1,2.1,1.9,0.3,1.7,1.2,1.2,0.5,0.4,2.8,1.9,1.4,11.9,0.4,1.7,0.6,0.9,0.8,0.3
"oct17",291,5.2,2.8,4.4,3.2,2.2,1.7,1.9,1.8,2.5,2.6,1.7,2,2.2,3.3,4.2,2.8,0.8,1.7,0.9,0.3,0.6,0.9,0.6,0.1,0.2,2.3,1.5,1.8,10.8,0.5,0.6,0.5,1.1,1.5,0.5
"oct18",292,4.9,6.9,5.7,7.4,3.5,2.1,2.9,1.8,2.2,2.4,3.3,2.6,2.1,1.9,3.3,1,0.6,1.1,1.2,0.9,0.1,1.7,0.9,0.2,0.5,2.6,2,1.8,14.2,1.4,1,1,1.6,1.6,0.5
"oct19",293,4,4.7,5.2,3.1,4.6,1.2,3.2,1.6,1.3,1.7,2.2,2.2,2.3,2.9,3,1.7,1.2,0.9,1.7,0.4,0.1,0.6,0.3,0.4,0.2,3.7,2.6,2,16.4,0.6,0.6,1,2.2,1.1,0.3
"oct20",294,3.5,5.9,6,6,4.1,3.8,2.3,2.6,3.2,3.8,3.6,4.5,2.8,2.6,2.4,1.1,0.4,0.2,0.9,0.6,0.9,0.6,0.6,0.3,0.2,5,2.9,3,13.8,0.6,0.9,1,1.2,0.6,0.3
"oct21",295,5.7,5.1,6.5,5.4,3.9,5.8,4.2,1.5,3,4.1,3.4,2.9,2.8,3.9,3.7,1.2,1,1.1,0.8,0.7,1.1,1.5,1.3,0.6,0.6,4.8,4,2.7,12.1,0.6,0.9,0.8,1.7,0.8,0.4
"oct22",296,2.5,3.9,3,2.3,3.6,2.9,3.1,2.8,1.9,1.6,1.6,2.8,3.4,3.3,3.5,1,0.3,1.5,0.8,1,0.7,0.7,0.3,0.3,0.5,6,4.3,1.8,13.4,0.8,1.7,0.5,0.9,0.7,0.4
"oct23",297,4.2,1.4,2.7,2.1,2,2.2,2.3,2.4,3.3,4.2,3.7,3.1,2.3,1.6,2.1,1.8,0.8,1.1,2,0.4,0.6,0.8,0.1,0.2,0.8,4.7,2.9,1.5,12.6,1,1.2,0.7,0.5,1.4,0.3
"oct24",298,3,5.8,3.9,4,3.2,4,2.1,1.4,1.4,1.7,2.2,1.4,1.9,1,2.1,2.3,0.2,0.7,1.8,0.9,0.6,1.1,1,0.5,0.6,4.7,4.4,1.5,14.1,0.5,0.9,1.9,1.2,1.2,0.1
"oct25",299,3.3,2.7,4.1,3,2.2,3.9,1.5,3.1,2.5,2.9,2.4,2.6,3.3,1.8,1.7,0.9,0.2,0.9,0.8,0.1,0.7,1.4,1.4,0.6,0.6,5.5,2.9,2.6,12.1,0.5,0.4,0.5,1.5,1.1,0.3
"oct26",300,5.4,6.9,5.5,5.1,5.5,3.7,2.5,0.8,2.2,1.9,2.5,1.8,1.7,0.6,0.8,0.5,0.4,1.4,0.8,0.4,1.6,1.4,0.6,1.3,0.4,5,3.9,1.3,10.8,0.6,0.7,0.7,1.3,0.8,0.1
"oct27",301,6.1,3.3,6,3.9,4.1,3,2.6,1.4,1.8,2,2.1,2.2,1.7,2.1,2.2,3.5,2.3,2.5,1,1.4,1.2,1,0.5,0.6,0.7,5.1,3.7,2.1,12.6,0.5,0.6,1.3,0.7,0.7,0.2
"oct28",302,6.1,1.9,3.5,1.9,3,2.4,1.6,3.3,2.4,3.9,4.6,2.9,2.1,1.1,1.2,1.8,1.7,1,1.3,0.5,0.3,1.3,0.3,0.2,0.4,3.1,1.3,1.5,10,0.3,1.7,1.6,1.1,0.7,0.6
"oct29",303,3.9,7.1,7.7,4.3,5.6,4,2.4,0.7,1.9,0.9,1,1,1,2,2.7,1.2,0.5,0.4,1.9,0.6,0.1,0.9,0.1,0.1,0.4,5,2.5,1.7,12.1,0.9,1.1,1.5,1.2,1.1,0.2
"oct30",304,5.8,2.4,3,2.6,1.7,1.5,2.2,1.1,1.1,0.7,0.5,0.5,1.1,1.2,1.2,1.3,1.6,1.4,1.5,0.5,0.8,1.2,0.3,0.3,0.5,3.3,2.5,2.3,12.6,0.9,0.7,0.7,0.8,0.7,0.2
"oct31",305,3.9,4.4,3.2,2.6,2.3,1.7,1.6,2.4,2,2.4,2.4,2.1,1.2,1.8,1.2,2,0.6,1.5,1.1,1.3,0.6,1,0.4,0.4,0.9,7.3,4.1,2.3,14.4,1.3,0.6,1.2,1.4,0.8,0.2
"nov01",306,3.9,3.8,3.6,3.5,2.7,3.7,2.5,0.6,2.7,3.7,3.8,4.6,3.7,3,3.9,3.9,0.7,1.5,1,0.7,1.6,1.1,0.4,0.2,0.5,5.3,4.8,3.6,14.5,0.6,0.4,0.7,1.1,0.8,0.3
"nov02",307,4.3,4.4,2.9,3.9,3,4.3,2.2,3.5,2.3,2.6,2.5,3.7,3.9,4,5.2,1.9,0.7,1.6,0.8,0.3,1.5,1.1,0.5,0.4,0.7,4.3,4.9,2,12.3,0.8,0.5,1.4,0.7,0.4,0.4
"nov03",308,4.2,5.5,6.2,5,3.3,4.8,4,3.9,3.9,4.1,3.3,2.8,2.4,1.4,2.8,1,0.6,1.3,2.3,0.6,0.4,0.9,0.3,0.2,1.2,8.7,6.7,2.5,15.4,0.8,0.9,0.7,0.8,0.9,0.3
"nov04",309,4,3.3,4.1,1.9,1.9,1.8,2.4,4.4,4.7,4.2,3.6,1.8,3.5,3,2.9,0.9,0.7,1,1.4,0.7,0.9,0.6,0.9,0.6,1.1,5.9,4.6,2.5,8.8,0.3,1,1.8,1.8,1,0.1
"nov05",310,5.1,4.5,3.5,4.7,2.9,3.8,2.7,3,3.2,3.3,5.5,3.7,3.2,2.3,3.4,0.5,0.2,0.7,2.3,0.2,0.4,0.8,0.4,0.6,0.6,4.8,2.6,1.9,11.2,0.8,0.7,0.5,0.6,0.9,0.2
"nov06",311,3.9,8.5,7.8,4.6,5.3,4.5,2.6,2.6,2.2,4.1,3.1,3.4,2.2,0.8,2.1,0.7,0.6,0.4,1.7,0.2,0.6,0.9,0.5,0.4,0.7,4.8,2.9,1.2,9.6,0.6,1.4,0.7,0.9,0.5,0.3
"nov07",312,4.7,4,4.5,2.6,4.6,2.4,2.4,2.2,1.3,1.7,2.2,3.9,2.5,2.9,2.4,1.3,1,1.2,0.9,0.2,0.5,0.7,0.8,0.1,0.7,5.1,4.2,1.4,10.8,0.7,0.8,0.5,1.2,0.4,0.1
"nov08",313,2.3,4.5,4.9,4.6,3.6,2.7,2.1,2.4,1,2.8,3.1,3.5,3.7,2,2.2,2.2,1.3,0.7,1,0.3,0.3,0.7,0.2,0.5,0.7,4.2,3.2,1.9,9.2,0.8,0.8,0.5,0.9,0.3,0.2
"nov09",314,5.1,4.5,5.4,5.1,4.8,3.1,1.1,1,1.2,2,2.7,3,2,3.2,2.9,2,0.3,0.7,1,0.5,0.2,0.6,0.3,0.8,0.8,7.3,5.3,1.6,4.8,0.4,0.8,0.9,1.4,0.5,0.1
"nov10",315,2.4,5.6,2.6,5.1,2.9,4.1,1.9,2.7,1.9,5.4,3.6,4.1,4.5,5,4,2,0.6,1,1,0.1,0.2,1.3,0.2,0.4,0.6,5.6,4.6,1.1,11,0.4,0.7,0.8,1.5,0.4,0.2
"nov11",316,5.6,6.7,9,6,5,3.4,2.1,3,4.1,4.3,5,3.1,2.4,1.6,3.2,1.1,0.5,0.6,0.9,0.3,0.4,0.5,0.7,0.3,1,4.9,5.6,1.5,12.1,0.6,1.1,0.7,1,1.1,0.3
"nov12",317,7.1,5.6,7.1,3,4.9,2.3,1.9,4.2,3.3,4.5,2.5,2.5,2.9,1.9,3.1,1.9,0.4,0.5,0.8,0.5,0.3,0.5,0.9,0.6,0.5,4.3,2.7,1.3,8.3,0.7,1,0.7,0.7,0.6,0.6
"nov13",318,4.2,5.5,5.4,5.4,3.5,6.2,2.2,2.6,3.1,3.6,3,3,3.2,1.6,2.1,0.6,0.6,0.6,0.9,0.4,0.8,1.2,0.4,0.3,0.4,4.2,4.3,1.4,7.9,1,0.7,1,1,0.6,0.3
"nov14",319,8.3,5.7,7.6,4.6,5.9,3.2,2.8,1.3,2.5,3.9,2.9,3.1,1.8,2,2.1,0.9,0.5,0.9,0.7,0.3,0.8,1.5,0.3,0.4,0.6,4.7,4.3,1.6,8.9,0.8,1,1.3,1,0.6,0.4
"nov15",320,6.2,4.9,5.4,5.8,3.7,2.5,1.2,1.2,1.5,2.4,2.9,2,3.1,3.1,4.2,1,1.3,0.7,0.6,0.4,0.6,1.4,0.6,0.2,0.7,5.6,4.4,1.5,12.8,0.9,1,1.4,0.5,0.4,0.1
"nov16",321,5.5,3.1,2.9,3.3,4.6,3.3,1.7,1.8,2.3,3.5,3,3,2.8,3.1,3,2.3,0.4,0.6,1.2,0.5,0.2,1.6,0.5,0.6,0.8,5,3.2,1.8,7.5,0.7,0.4,1,1.2,0.7,0.2
"nov17",322,4.6,5.2,4.7,5,4.4,3.2,2.2,3.6,2.2,4.4,2.7,2.6,2.6,1.7,2,1.5,0.9,0.5,1.1,0.4,0.4,1.2,0.4,0.5,0.4,4.2,3.2,1.6,9.7,0.3,1,0.4,1.2,0.7,0.2
"nov18",323,5.6,6.2,5.7,4.9,4.7,3,3.8,1.5,2.1,3,3.3,3.2,1.9,1.3,1.9,1.8,0.4,0.9,1.5,0.3,0.4,0.5,0.9,0.3,0.3,4.8,3.2,2.2,12.6,0.6,0.9,0.5,0.4,0.5,0.2
"nov19",324,8.3,5,6.2,3.5,4.2,2.6,1.8,2,1.9,2.2,1.5,1.7,1.5,1.4,3,2.7,1.4,1.4,1.1,0.3,0.8,0.8,0.8,0.2,0.5,8.8,7,2.1,12.1,0.7,0.9,0.6,0.8,0.2,0.2
"nov20",325,2.5,4.6,3.1,5.5,3.4,4.1,2.3,2.1,2.5,3,4.2,3.6,3,3.9,6.2,5,1.2,0.7,1.2,0.3,0.5,1.3,0.7,0.6,0.7,4.3,4.2,1.4,10.2,0.4,0.7,1.1,0.9,0.6,0.3
"nov21",326,5.3,8,8.2,5.5,6.4,6.4,2.2,2.6,3.1,5.5,5,3.8,2.9,1.5,2.3,2.8,1,1.4,1.9,0.5,0.7,1,0.3,0.5,0.8,5.6,6.3,1,8.4,0.5,0.9,0.5,1.1,0.8,0.1
"nov22",327,3.9,5,3,6.3,4.7,3.7,2.1,1.4,1.6,1.3,1.4,1.5,1.4,1.2,1.5,1.3,0.5,1.2,1.5,0.7,0.6,1.1,0.7,0.2,0.5,3.9,3.4,1.2,7.6,0.7,0.6,0.5,1.2,0.5,0.2
"nov23",328,3.1,3.5,3.5,2.8,2.4,2.9,2.3,4.7,1.7,2.2,2.9,2.1,2.5,3,3.5,1.9,0.3,0.5,1.2,0.2,0.4,1.2,0.5,0.1,1.5,8.6,8,2.5,7.3,1.1,1.2,1,0.8,0.5,0.2
"nov24",329,4.9,3.9,6.3,4,3.4,2.9,3.4,2.7,3.8,3.5,3.6,2.5,2.3,1.3,2,0.7,0.8,1.3,1.6,0.5,0.9,0.9,0.5,0.6,1.2,5.6,5,2.1,9.2,0.6,1.1,0.9,1,0.3,0.2
"nov25",330,3.1,4.5,4.9,4.3,3.3,4.5,2.2,1.4,3,3.7,4.4,1.8,2.6,2.2,3.4,0.5,0.5,0.7,0.9,0.3,0.6,0.9,0.7,0.6,1.6,6.4,4,2.1,6.4,1,1.4,0.5,1.2,0.3,0.3
"nov26",331,7.3,8.8,5.9,5.1,5.7,4.6,2.4,1.5,2.8,5.2,4.8,5,4.2,2.2,3.8,3.6,1.7,0.8,1.4,0.6,0.3,0.5,0.6,0.3,0.8,4.5,3.8,1.2,10.7,0.8,0.8,0.4,2.2,0.4,0
"nov27",332,5.9,3.5,6.4,3.3,3.4,2.5,1.5,2.5,2.9,3.4,2.2,3.9,3.2,3.5,4.3,1.8,1.1,0.4,0.9,0.5,0.2,0.6,0.4,0.6,0.8,7.9,5.9,1.4,10,0.7,1.4,0.6,1,0.5,0.2
"nov28",333,3.2,5.8,4.1,6.6,3.8,4.4,1.3,2.5,2.8,5.3,4.1,4.4,4.5,4.5,4.9,1.3,0.9,0.9,0.2,0.3,0.4,0.8,0.6,0.5,0.4,5,4.2,1.1,12.6,0.8,0.9,0.9,0.3,0.5,0.2
"nov29",334,3.9,6,6.4,6.3,5.4,4.2,3.1,2.7,2.1,3.1,2.4,3.5,3.2,2.1,1.7,0.9,0.9,0.4,0.8,0.3,0.3,0.9,0.4,0.4,1.1,8.2,5.6,2.4,14.1,0.5,0.5,0.8,0.6,0.7,0.3
"nov30",335,5.1,4.1,4.5,3.3,3.1,3.3,1.6,2.1,2.2,2.6,2,1.8,1.8,0.5,1.1,0.8,0.2,0.3,1.2,0.5,0.6,0.8,0.9,0.4,0.9,6.1,4.2,2,9.7,0.5,0.7,0.6,0.9,1.1,0.3
"dec01",336,4,5.2,3,3.9,3.4,4.7,1.6,1.8,1.5,2.3,1.4,1.1,1.6,1,2,0.7,0.5,0.5,1.2,0.5,0.4,0.8,0.7,0.6,1.4,6.4,5.3,1.8,8.4,0.3,0.3,0.4,1,0.7,0.2
"dec02",337,2.6,4.1,2.9,4.2,3,3.1,2.5,2.6,1.5,2.2,1.5,3.2,2.7,2.5,3.8,0.4,0.9,0.5,1.1,1.1,0.6,0.4,0.4,0.4,0.7,5.6,5.3,2.2,8.2,0.5,0.6,0.6,0.7,0.4,0.4
"dec03",338,4.1,7.1,6.5,7.4,5.7,6.2,2.9,3.8,3.6,4.2,4.7,4.1,3.7,2.9,3.7,1.3,0.6,0.7,1,0.6,0.5,0.7,0.7,0.2,0.8,7.2,8.4,2,10.9,0.9,0.9,0.4,0.5,0.3,0.1
"dec04",339,6.4,6.4,6,8.5,6,8.2,3,1.8,2.7,3.9,2.9,3.1,2.9,2.7,2.9,1,0.6,1.4,1,0.5,1,1,0.5,0.1,0.7,5.1,5.1,0.8,9.1,0.6,0.2,0.6,0.5,0.9,0.1
"dec05",340,5.7,7.1,7.7,5.4,5.5,3.8,3.5,2.7,2.5,4,2.7,2.4,2.2,1.9,3.8,0.6,0.4,0.3,1.1,0.3,0.2,0.5,0.2,0.1,0.9,5.1,5,1,11.7,0.5,0.4,0.5,1,0.8,0.2
"dec06",341,4.1,6.2,7,5.5,5,4.3,2.1,3.1,2.7,3.9,4.9,2.6,3.7,4.2,6.1,0.9,0.7,0.7,1,0.5,0.7,0.6,0.3,0.7,0.5,4.7,3.5,1.2,9.3,1,0.7,0.4,1.1,0.6,0.1
"dec07",342,5.5,5.2,5.7,5.9,4.1,3.2,1.9,2.5,2,2.5,3,3,2,1.7,4.3,0.6,0.8,0.7,0.4,0.4,0.5,0.8,0.6,0,1,6.5,3.5,2.6,13.5,0.6,0.8,1,0.9,0.4,0.1
"dec08",343,4.3,3.1,3.4,3.2,3,1.7,0.7,2.1,1.4,3.2,2.9,3.5,2.5,1.7,2.6,2.4,1.2,1,0.5,0.3,0.8,0.8,0.6,0.2,1.1,7,5.2,2.2,10.4,0.8,0.9,0.5,0.7,0.5,0.2
"dec09",344,3.5,6.6,4.9,6.2,4.3,4.4,0.8,3.3,2.5,4.2,3.3,3.7,5.3,2.1,2.5,1.4,0.4,0.5,0.7,0.4,0.7,0.4,1.3,0.7,1.6,6.4,5.9,2.2,11.6,0.7,0.9,0.3,0.4,0.9,0.1
"dec10",345,5.4,7.3,5.5,3.5,4.2,2.9,1.6,4,3.3,3.9,2,2.2,2.5,3.2,3.1,1.2,0.5,0.8,0.5,0.5,0.8,0.8,1.1,0.6,1,5,5.4,1.9,11.4,0.6,1,0.4,0.8,0.5,0.2
"dec11",346,3.5,6.3,6.7,5.5,3.7,4.4,1.5,2,2.4,3.1,2.1,2.6,2.1,1.9,2.8,1.4,0.8,1.1,0.6,0.6,1.2,0.8,0.6,0.4,1.1,4.8,4,1.4,7.2,0.3,0.5,0.5,0.6,0.3,0.2
"dec12",347,3,4.8,5.6,4,4,1.3,1.9,3.2,2.5,3.9,3.6,3.3,3.6,3.1,2.8,1.9,0.5,0.6,0.4,0.9,0.4,0.9,0.4,0.3,1,5.6,4.1,1.2,7.8,0.5,0.3,0.4,0.3,0.9,0.1
"dec13",348,5.3,2.6,4.5,2.4,3.1,2.7,1.2,2.6,2.2,3.8,2.9,2.2,1.9,1.1,1.9,2.2,1.1,0.3,0.6,0.4,0.4,0.8,0.3,0.3,0.9,5.9,5.5,3,12.6,0.7,1.1,0.4,0.4,0.6,0.1
"dec14",349,4.7,3.4,4.8,3.5,3,4.3,1.6,1.6,3,4.6,4,1.5,1.9,1.1,1.5,0.9,0.1,0.8,0.3,0.2,0.4,0.8,0.4,0.3,0.8,6.2,5.4,1.7,11.3,0.7,0.7,0.5,0.4,1,0.2
"dec15",350,5.4,5.2,4.8,5.3,4.5,3.2,0.9,2.7,2.5,3.4,3,3.4,2.7,2.4,4.2,1.9,0.3,0.2,0.4,0.4,0.6,0.6,0.8,0.4,1,7.3,6.1,1.3,8.6,0.6,0.8,0.8,0.7,0.8,0
"dec16",351,4,6.1,7.1,3.5,4.6,5.1,1.3,4.7,3.2,4.3,4,2.4,2.5,0.9,2,1.9,0.5,0.4,0.7,0.3,0.4,1.4,0.8,0.3,0.6,4.8,4.2,2.4,6.4,0.7,0.7,0.9,0.6,0.2,0.2
"dec17",352,4.9,6.9,4.4,4.8,5.1,4.6,1.2,3.4,2.2,3.9,3.4,2.5,1.9,0.8,1.2,2,0.8,0.7,0.7,0.6,0.6,0.9,0.6,0.8,1.2,7.4,5.2,1.6,8.8,0.4,0.5,0.3,0.3,0.2,0.2
"dec18",353,9.1,3.6,6.8,3.9,3.8,2.6,1.7,1.2,1.9,1.6,2.1,1.9,1.7,1.8,2.1,1.1,0.3,0.7,0.4,0.8,1,1,0.6,0.3,0.7,4.4,3.5,1,7.7,1.3,1.1,0.6,0.4,0.3,0.2
"dec19",354,3,4.7,5.1,4.7,4.8,2.7,1.2,1.6,1.4,1.7,1.3,1.3,1.5,2.3,2.7,0.8,0.9,0.7,0.2,0.3,0.3,0.4,0.3,0.3,1,5.8,4.7,2.6,12.7,0.7,1.1,0.3,0.3,0.8,0.2
"dec20",355,4.4,2.7,2.2,2.6,2.2,1.6,0.7,3.4,2.4,3.6,1.8,3,2.9,2.3,3,1,0.4,0.5,0.4,0.3,0.5,0.5,0.4,0.3,1.5,6.5,4.8,1.4,9.4,0.6,0.8,0.4,0.4,0.4,0.2
"dec21",356,4.9,4.8,5,4.1,3.7,3.3,1.9,1.9,2.9,4,3.3,3.2,3.2,2.2,3.4,1.4,0.5,0.5,0.5,0.9,0.6,0.3,1,0.4,1.8,6.7,5.9,1.5,7.4,0.4,0.9,0.3,0.5,0.7,0.1
"dec22",357,3.5,8.4,6.3,6.2,6.4,5,2.3,2.7,1.8,3.3,3.7,2.2,2,1.8,2.5,2.4,0.9,0.6,0.2,0.8,0.7,0.5,1.1,0.6,1.6,5.5,5.4,2,7.1,0.4,1.4,0.5,1.1,0.5,0.2
"dec23",358,2.2,4.8,2.9,3.7,3.2,2.6,1.6,1.9,1.8,3.5,2.5,3.7,2.5,1.9,2.9,1.4,0.6,0.6,0.7,0.5,0.6,0.3,0.4,0.2,0.6,6,3.7,1.7,9.7,0.1,0.9,0.5,1,0.3,0.2
"dec24",359,5.2,5.4,6.2,4.9,4.9,4.7,2.4,2.5,2.5,3.2,3.6,2,3.2,2.5,5.2,0.5,0.7,0.7,0.5,0.3,0.5,0.3,0.5,0.3,0.8,4.9,3.5,1.4,10.1,0.9,1.1,0.5,0.8,0.6,0.3
"dec25",360,6.3,7.2,10.1,5.1,5.9,5.5,1.6,4.5,3.5,5.4,4,4.1,5.5,3.7,4,0.6,0.3,0.5,0.6,0.6,0.7,0.6,0.5,0.3,1.1,6.6,6.1,1.8,10.3,1.3,0.6,0.5,0.8,0.3,0.1
"dec26",361,4.8,6,8.8,5.6,4.9,4.8,1.9,3.8,3.2,4,3.7,2.1,1.5,1,1.4,1.4,0.7,0.4,0.5,0.5,0.8,0.6,0.5,0.5,1.1,5.7,5.9,1.8,11.3,0.6,0.5,0.2,0.8,0.4,0.3
"dec27",362,5.5,3.9,5.4,2.5,3.8,1.6,0.8,1.8,2.6,2.1,2.3,2.7,1.8,1.6,2.6,1.3,0.4,0.3,0.5,0.3,0.6,1.1,0.6,0.7,1.5,4.1,4.4,1.2,4.2,0.4,0.4,0.6,0.3,0.4,0.2
"dec28",363,5.8,4.7,3.9,5.1,3.7,4.6,1.8,4,3,3.9,3.7,2.7,2.6,2,1.9,1.4,1,0.5,0.6,0.8,1,0.5,0.5,0.7,1.2,3.8,3,1.1,8.6,0.7,0.8,0.3,0.3,0.4,0.1
"dec29",364,3,7.8,7.9,4.9,4,3,1.3,1.8,1.7,2.4,3.8,2.2,1.8,2,3.9,0.9,0.2,0.8,0.4,0.5,0.5,0.5,0.5,0.4,1.2,5.9,4.7,2,5.4,0.5,0.7,0.3,0.7,0.4,0.2
"dec30",365,8.4,5.9,7.1,4.7,5.6,3.1,0.8,2,1.8,1.9,3.1,1.8,1.4,1.3,2.7,1.8,0.6,0.7,0.6,0.6,0.6,0.5,0.8,0.5,0.7,4.5,4,1.3,5.4,0.3,0.6,0.4,0.7,0.3,0.2
"dec31",366,2.6,2.8,2.6,3.2,2.9,2.5,0.9,1.5,2.1,3,1.5,2.7,1.7,1.7,2.7,1.2,0.8,0.6,0.4,0.6,0.3,0.5,0.6,0.2,0.6,2.7,2.9,1.7,7.3,0.6,0.5,0.3,0.7,0.8,0.1
